X..Pathway.Id	Pathway.Name	hsa-let-7b-3p(+)	hsa-let-7g-5p(-)	hsa-miR-100-5p(+)	hsa-miR-126-3p(+)	hsa-miR-1301-3p(-)	hsa-miR-139-5p(+)	hsa-miR-142-3p(+)	hsa-miR-145-3p(+)	hsa-miR-146-5p(-)	hsa-miR-148a-3p(+)	hsa-miR-15a-5p(-)	hsa-miR-185-5p(-)	hsa-miR-20a-5p(-)	hsa-miR-221-3p(-)	hsa-miR-27a-3p(+)	hsa-miR-32-5p(+)	hsa-miR-320a-3p(-)	hsa-miR-335-5p(-)	hsa-miR-345-5p(+)	hsa-miR-378c(-)	hsa-miR-501-3p(-)	hsa-miR-582-3p(+)	hsa-miR-7-5p(-)	hsa-miR-99b-5p(+)
path:hsa00010	Glycolysis / Gluconeogenesis	0	7.01662896440832e-05	1.58516408761655e-07	0	0	0	0	0	0	-0.00704627393970988	-0.0290937247350068	0.00610886717836983	0	0.0475114097494228	0.0270951551307563	0	0	0.00256544719344008	2.92905582454885e-05	0	0	8.49392159415913e-13	-0.000573254937305769	0
path:hsa00020	Citrate cycle (TCA cycle)	0	-7.37865061875119e-07	7.51241504670676e-08	0	0	0	0	0	0	-0.00390429719147385	-0.0214704546829948	0.0101874952138319	0	-0.00107328190191178	0.0020226592400407	0	0	0	4.0407794683927e-05	0	0	7.33080261271782e-09	-0.0193979479456411	0
path:hsa00030	Pentose phosphate pathway	0	7.06070613931673e-05	1.83193330455205e-09	0	0	0	0	0	0	5.77656857505602e-08	-0.0159069755084591	0.000198670813860169	0	0.0125705786641539	-0.00548153837130234	0	0	4.56275523617392e-05	-6.15002622136921e-06	0	0	1.51210759703844e-14	-0.0171669826605772	0
path:hsa00040	Pentose and glucuronate interconversions	0	-7.18104650704277e-05	1.0766698288593e-11	0	0	0	0	0	0	-7.07465369458294e-07	-0.00657465039658883	1.15850700980322e-06	0	6.97958935166918e-05	0.0221546565058944	0	0	1.42933946754701e-06	3.66311447851829e-06	0	0	1.16054502811083e-11	0.0077708748823424	0
path:hsa00051	Fructose and mannose metabolism	0	-7.48766095310223e-05	2.65531064256017e-09	0	0	0	0	0	0	-9.97469141754047e-08	-0.00622347544999081	0.000273857440218331	0	0.0182068019144107	0.0223234555103807	0	0	0.00254118087509194	6.67952945030117e-06	0	0	8.42083653977652e-13	0.00782175718096252	0
path:hsa00052	Galactose metabolism	0	0.000139831773859571	7.77546157656333e-08	0	0	0	0	0	0	-0.00352542687830634	-0.0086256867448057	0.000308959534106332	0	0.0147727552128072	0.0223633084315093	0	0	0.00255474145300012	9.62711578772272e-06	0	0	8.46681097925334e-13	0.00786493841767365	0
path:hsa00053	Ascorbate and aldarate metabolism	0	2.62030138365537e-07	6.16070067487025e-13	0	0	0	0	0	0	-6.44610879726645e-07	6.23694230480046e-05	7.63387038879886e-10	0	0	0.00466996234963775	0	0	0	-4.47306529265326e-06	0	0	1.1604979958179e-11	1.17848013793991e-06	0
path:hsa00061	Fatty acid biosynthesis	0	0.000136753451417573	-1.09291338954411e-05	0	0	0	0	0	0	2.39244309404423e-07	-0.00621006132086162	0.00441215253798691	0	0	0.000112170407130954	0	0	-7.76117994268244e-08	-0.000502935725960073	0	0	-2.32800157517415e-06	-0.00761282581001087	0
path:hsa00062	Fatty acid elongation	0	6.28200112676684e-07	2.19210048291211e-15	0	0	0	0	0	0	-1.70482575048848e-05	0.000151404147876961	2.22426776551909e-07	0	0	3.52996197550676e-07	0	0	-9.19566564784459e-05	-1.24215997403522e-07	0	0	-0.00218207827714034	1.0977293200005e-06	0
path:hsa00071	Fatty acid degradation	0	7.16950462877039e-05	1.70156995869404e-07	0	0	0	0	0	0	-0.00791020617221821	-1.22189270848387e-05	0.00539535367973618	0	0	7.94235218767436e-05	0	0	-0.00234706216990003	1.65331922525904e-07	0	0	-0.0556944279204782	0.000103453288122617	0
path:hsa00100	Steroid biosynthesis	0	3.12107949212314e-09	7.90892347856364e-13	0	0	0	0	0	0	-2.74176127833823e-08	0.000235898426784477	3.35866935810512e-16	0	0	0.00465247857527408	0	0	0	1.73334333444783e-09	0	0	3.62232446418852e-15	-1.83346835735683e-08	0
path:hsa00120	Primary bile acid biosynthesis	0	7.19884032883826e-05	5.41298116877381e-11	0	0	0	0	0	0	2.30843259667176e-07	-0.000390452700667842	0.00490362073619898	0	0	8.75451511750546e-06	0	0	0	-0.000493244574519424	0	0	8.50083266549665e-18	-0.00179018791486373	0
path:hsa00130	Ubiquinone and other terpenoid-quinone biosynthesis	0	0	0	0	0	0	0	0	0	0	5.40802523937716e-13	0	0	0	0	0	0	0	0	0	0	0	0	0
path:hsa00140	Steroid hormone biosynthesis	0	0.000144154677745495	3.2245193049704e-10	0	0	0	0	0	0	-1.16475425621715e-05	-0.0124555931170566	3.78032230705102e-07	0	0	0.00474163952019933	0	0	-2.36006179159434e-10	-0.000985104279790904	0	0	-5.58572438890283e-09	-0.00169143066116379	0
path:hsa00190	Oxidative phosphorylation	0	2.003107982925e-08	4.26008897877706e-22	0	0	0	0	0	0	4.82360072849968e-10	-0.00723415905298345	0	0	0	5.98894044060705e-09	0	0	0	-1.01227408637524e-06	0	0	-1.29733290178621e-24	-0.00782471994055081	0
path:hsa00220	Arginine biosynthesis	0	-7.22732154557651e-05	4.04278057253772e-08	0	0	0	0	0	0	1.10730600915864e-05	-0.0262952517877038	0.00507801027973573	0	0.00327015579488744	-7.09765181714824e-07	0	0	0	1.34402429764137e-05	0	0	-1.55548117626034e-16	1.83170765005737e-05	0
path:hsa00230	Purine metabolism	0	-2.55851549703733e-08	-2.70074011384607e-08	0	0	-0.269950132867196	0	0	0	-4.19401231327548e-05	-0.0141237779061552	-0.0110180506021804	-9.67907659778103e-05	0.000285793865931537	0.00988216500107995	0	0	0.000858660001261417	-1.55513549655319e-06	0	0	2.94222143697316e-09	-0.0156881122291235	0
path:hsa00232	Caffeine metabolism	0	1.21853206855482e-22	0	0	0	0	0	0	0	-1.10590031116471e-12	1.70442489471989e-07	0	0	0	0	0	0	0	1.29313267167795e-16	0	0	2.05867021774397e-17	5.31274488132204e-18	0
path:hsa00240	Pyrimidine metabolism	0	-0.000141459113769209	-3.02989558287122e-13	0	0	0	0	0	0	1.05127450427504e-08	8.3468816703746e-05	1.93233435852126e-07	0	0	0.0173608204883135	0	0	0	-0.000499666777220157	0	0	-1.65685832855413e-16	6.90425510868433e-05	0
path:hsa00250	Alanine, aspartate and glutamate metabolism	0	-7.42285164923158e-08	3.08985174463212e-09	0	0	0	0	0	0	-1.94446316057473e-05	-0.00121675948593249	1.34342302612646e-05	0	0.000251550445760572	2.82717509510944e-05	0	0	0	-0.000488583432236709	0	0	3.87962373507321e-10	-0.00104621501367521	0
path:hsa00260	Glycine, serine and threonine metabolism	0	-2.31253454062757e-08	4.56654047776829e-10	0	0	0	0	0	0	-2.58813081543579e-08	-0.000278663804687866	4.9354525397176e-05	0	0.00312551428857511	0.00470306305263596	0	0	0	1.01272559682507e-06	0	0	-2.26886905597906e-19	-0.000195705636984202	0
path:hsa00270	Cysteine and methionine metabolism	0	-0.0377861831953891	-9.69672516748194e-09	0	2.11170310454857e-07	0	0	0	0	-0.050906233054481	-0.122980326388802	0.00406479627559621	0	0.0122057307291945	0.0199311161869334	0	0	0	-0.00298564879023714	0	0	-2.14657334053546e-06	-0.0601825398428344	0
path:hsa00280	Valine, leucine and isoleucine degradation	0	7.35275055228313e-05	-3.7267862317689e-13	0	0	0	0	0	0	-1.68836028233293e-05	0.000286119967678245	2.76363002395197e-07	0	0	1.47208396218806e-05	0	0	-6.30594873530934e-06	-2.34189047887345e-06	0	0	-0.000149636513194382	0.000103301004599051	0
path:hsa00290	Valine, leucine and isoleucine biosynthesis	0	0	0	0	0	0	0	0	0	0	7.14730445713658e-17	0	0	0	0	0	0	0	0	0	0	0	0	0
path:hsa00310	Lysine degradation	0	0.000646836373497135	2.12615672136518e-10	0	0	0	0	0	0	0.000152832622429663	-0.159923962237121	0.00877727932522364	0	0	0.0340667152858946	0	0	-1.80673226400615e-05	0.000539971032706065	0	0	-0.000428730058704242	-0.0532170582130815	0
path:hsa00330	Arginine and proline metabolism	0	-0.0050401745289125	3.76855276028321e-08	0	0	0	0	0	0	0.000108894757148008	-0.0310472982599491	0.00489881989072574	0	0.00301860534912687	0.000226104415168157	0	0	0	0.00112333157763241	0	0	-2.07496362072557e-09	-0.000369518092903124	0
path:hsa00340	Histidine metabolism	0	-7.14456381062448e-05	2.62856054311699e-13	0	0	0	0	0	0	-7.19104059316288e-08	-0.00659829589798163	-4.18876990062032e-08	0	0	0.0173460917861022	0	0	0	8.90745251126366e-06	0	0	-3.44857074424683e-18	0.00774407546729392	0
path:hsa00350	Tyrosine metabolism	0	-0.000143412609816158	-3.21182882205965e-10	0	0	0	0	0	0	1.0992459312868e-05	-0.0410839553805048	-4.18876990062032e-08	0	0	0.0173460861326822	0	0	0	9.38441065125676e-06	0	0	-3.44856318532608e-18	0.000135374999136672	0
path:hsa00360	Phenylalanine metabolism	0	-0.000143348510562091	-3.21182884440088e-10	0	0	0	0	0	0	1.09919868743254e-05	-0.0335165948797671	-4.18876990062032e-08	0	0	0.0173460917861022	0	0	0	1.03796771680433e-05	0	0	-3.44856733660835e-18	0.00780034602506449	0
path:hsa00380	Tryptophan metabolism	0	5.7979759671946e-07	3.2211348726401e-10	0	0	0	0	0	0	-0.000194994197005852	-0.0299249733716227	1.21754346678564e-07	0	0	0.0239228325587984	0	0	-1.80673226400615e-05	-0.000471498881162792	0	0	-0.000428723695699786	-0.00106950130747592	0
path:hsa00400	Phenylalanine, tyrosine and tryptophan biosynthesis	0	0	0	0	0	0	0	0	0	0	2.56275887121884e-08	0	0	0	0	0	0	0	0	0	0	0	0	0
path:hsa00410	beta-Alanine metabolism	0	-6.36226385656521e-05	-6.81182480516355e-13	0	0	0	0	0	0	-2.57835849630273e-07	-0.00647449299743254	9.01897931474385e-07	0	0	0.0346993193552983	0	0	-0.000406334767978387	-0.000486061556130748	0	0	-0.00964208904549709	0.00769068339396555	0
path:hsa00430	Taurine and hypotaurine metabolism	0	-1.25811415761616e-08	-1.86529214541061e-06	0	3.33517109074638e-05	0	0	0	0	-6.32927865781802e-11	4.17714632979621e-10	3.00444609980726e-08	0	0	6.76547810548447e-08	0	0	0	-1.27736349966743e-10	0	0	6.70516236443257e-17	-5.33238945746272e-10	0
path:hsa00440	Phosphonate and phosphinate metabolism	0	0	0	0	0	0	0	0	0	0	1.44197367894956e-05	0	0	0	0	0	0	0	0	0	0	0	0	0
path:hsa00450	Selenocompound metabolism	0	-3.29844378844564e-08	-2.431477467362e-12	0	0	0	0	0	0	3.84964776580167e-07	-0.0005482398701482	-1.02400561981007e-13	0	0	-4.24156476067891e-05	0	0	0	-0.000635563788264328	0	0	-6.23892821801659e-18	-0.00222766222618043	0
path:hsa00470	D-Amino acid metabolism	0	-1.33604856855968e-07	0	0	0	0	0	0	0	-5.63604638659796e-16	-0.000385040908899704	0	0	0	0	0	0	0	-0.000492279619683664	0	0	0	-3.49230396200315e-05	0
path:hsa00480	Glutathione metabolism	0	-9.33368228460451e-05	-0.000418074812373317	0	0.00747524283948809	0	0	0	0	-0.00016941131599105	-0.0242987298510798	1.18005756564521e-05	0	0.000306251233602326	0.00136982689142693	0	0	6.27167234513701e-06	-0.000539771283598825	0	0	3.15848202071979e-09	-0.0263417222617367	0
path:hsa00500	Starch and sucrose metabolism	0	-1.07950869928185e-06	7.72710530315031e-07	0	0	0	0	0	0	-0.00352538599353529	-0.00205780596231918	0.000147707672264366	0	0.00574961993408237	0.00474234329148441	0	0	0.00256021632277138	1.47108013908531e-06	0	0	8.4844572411628e-13	-6.62408414291026e-05	0
path:hsa00510	N-Glycan biosynthesis	0	0.907173197509863	5.7151299183502e-11	0	0	0	0	0	0	-1.02329212564908e-07	0.00127988107541288	0.00510801900663048	0	0	0.00517168550626614	0	0	0	-0.000661895525921223	0	0	1.34003630575616e-12	-0.000184343381539419	0
path:hsa00512	Mucin type O-glycan biosynthesis	0	7.94914237532216e-05	-4.09701856051678e-13	0	0	0	0	0	0	3.06733836708116e-07	0.000265697836959814	5.58593043918103e-07	0	0	0.00545943515857256	0	0	0	-0.00115412324321454	0	0	-1.47063604528051e-16	-0.00212721581934042	0
path:hsa00513	Various types of N-glycan biosynthesis	0	0.0816044941129047	5.69386523795399e-11	0	0	0	0	0	0	-3.18942405798327e-08	0.00123552363990576	0.00508786508825101	0	0	0.00516251516475838	0	0	0	-1.7320588920296e-05	0	0	2.34435854883869e-14	-0.000106106187284323	0
path:hsa00515	Mannose type O-glycan biosynthesis	0	0.000303545643946884	-7.80075031867819e-10	0	0	0	0	0	0	2.68638050642431e-05	-0.00782263889475417	3.46166863399334e-05	0	0	-0.00496990046790015	0	0	0	-0.00119499895670669	0	0	-8.80231998206421e-16	-0.000188968919949286	0
path:hsa00520	Amino sugar and nucleotide sugar metabolism	0	-5.80764725814268e-05	7.84210588735143e-10	0	0	0	0	0	0	-6.15617958164757e-08	-0.00027614695687589	7.21815328067854e-05	0	0.00537481392775773	0.0047269803951497	0	0	0.00254729824918416	3.34204039521917e-07	0	0	9.18368324403787e-13	-6.15577085312649e-06	0
path:hsa00524	Neomycin, kanamycin and gentamicin biosynthesis	0	-7.50574355956233e-05	7.4002685969903e-10	0	0	0	0	0	0	-6.1336086154642e-08	0.000156928414261775	6.5928179811993e-05	0	0.00507125698653314	0.00472567795694215	0	0	0.00254501361171567	5.03825645523243e-07	0	0	8.43357070289713e-13	3.12049680631123e-07	0
path:hsa00531	Glycosaminoglycan degradation	0	0.0541650959272095	-6.74065936784238e-12	0	0	0	0	0	0	-3.58893511432375e-07	-0.000394923100734404	0.0200758599992349	0	0	0.00084869152714963	0	0	0	1.13414036748535e-06	0	0	1.08185313454626e-11	0.000213182629077344	0
path:hsa00532	Glycosaminoglycan biosynthesis - chondroitin sulfate / dermatan sulfate	0	4.84206367067458e-20	0	0	0	0	0	0	0	-4.39450044710719e-10	-2.70791590636694e-07	0	0	0	0	0	0	0	5.13850303367089e-14	0	0	8.18050876827574e-15	2.1111179299467e-15	0
path:hsa00534	Glycosaminoglycan biosynthesis - heparan sulfate / heparin	0	4.83034698371589e-20	0	0	0	0	0	0	0	-4.38386676081544e-10	-2.70136336903094e-07	0	0	0	0	0	0	0	5.12606903123377e-14	0	0	8.16071380750699e-15	2.10600950725745e-15	0
path:hsa00561	Glycerolipid metabolism	0	2.72265793228277e-06	-0.0168032842802549	0	0	0	0	0	0	8.11404177359044e-06	-0.00553225616271616	-5.22096688142616e-06	0	0.0024252725699627	0.0222193021851155	0	0	0	-2.5221641677691e-05	0	0	-8.47971470458878e-08	0.00775970547487951	0
path:hsa00562	Inositol phosphate metabolism	0	0.0114701281266255	0.000628680883748457	-0.051055785998796	0	0	-0.144837414030118	-1.94870252163507	0	-0.0504016209588314	-0.0963079737370555	0.0123304006166509	0.00932705304976591	-0.00444682248834765	0.0736285941523443	0	0	0.0770010918474762	-0.00640961894280215	0	0	-7.0025004380102e-05	-0.136706353975702	0
path:hsa00563	Glycosylphosphatidylinositol (GPI)-anchor biosynthesis	0	-7.27521570982208e-05	7.8447512134703e-13	0	0	0	0	0	0	-9.09096907377016e-08	-0.00618208419395547	1.53297255423048e-10	0	0	0.0223805586903025	0	0	0	8.17484156542308e-06	0	0	-3.53036742270395e-18	0.00803792751162437	0
path:hsa00564	Glycerophospholipid metabolism	0	-0.000152460817004658	-0.0397179548494099	0	0.400620246120071	0	0	0	0	-0.000266130380085897	-0.0517676331694707	0.000236396286549396	8.76602730241158e-05	-0.00971412594681896	-0.0104230531556297	0	0	0	-0.00247033974483747	0	0	9.339122934629e-08	-0.00827564629889969	0
path:hsa00565	Ether lipid metabolism	0	-0.000151733039340977	-0.0225170829110108	0	0.398206871143444	0	0	0	0	-0.000320903714231769	-0.00712292351162856	0.000233488728311403	8.76602730241158e-05	-0.00231449628280392	0.000216683546613255	0	0	0	-0.000527781536484241	0	0	8.77368766124391e-08	-0.00791234139622089	0
path:hsa00590	Arachidonic acid metabolism	0	-0.0288385735232397	-0.451175030327289	0	9.34981031663791	0	0	0	0	-0.000140040969222088	-0.0561130290462673	0.38683258182799	8.76602730241158e-05	-0.00231449628280392	0.00680545415627185	0	0	0	-0.00101721551831036	0	0	8.45172167973442e-08	-0.00204567357898007	0
path:hsa00591	Linoleic acid metabolism	0	-0.000168710063113216	-0.0250566894301583	0	0.443615427391767	0	0	0	0	-0.000163500215330381	0.00193032178883863	0.00048750690845329	8.76602730241158e-05	-0.00231449628280392	0.000135793824628195	0	0	0	-0.000494957266191329	0	0	8.47955181994801e-08	-9.90530853356487e-05	0
path:hsa00592	alpha-Linolenic acid metabolism	0	-0.000151579409519743	-0.0225170828852224	0	0.398206871143444	0	0	0	0	-0.000163417107272487	0.00141340087600247	0.000447857333698593	8.76602730241158e-05	-0.00231449628280392	0.000135425230921504	0	0	-0.000494616449608799	-3.06608387293497e-06	0	0	-0.0117368775030995	-6.52462365129221e-05	0
path:hsa00600	Sphingolipid metabolism	0	-6.90074671132287e-05	-9.66503607640754e-10	0	0	0	0	0	0	-0.0522272764729089	-0.0158176600578416	4.91506640416539e-07	0	0.125573982523678	0.0292074430973481	0	0	0	-0.000503385691687942	0	0	9.72846196118948e-07	-0.109979227748992	0
path:hsa00601	Glycosphingolipid biosynthesis - lacto and neolacto series	0	0.000375224140364848	-4.98335144244229e-10	0	0	0	0	0	0	1.90790801782439e-05	-0.00180880309256979	0.00507756249129851	0	0	1.68397648084851e-05	0	0	0	-0.00140331465534818	0	0	-4.94650203524523e-17	-0.0601731180508336	0
path:hsa00603	Glycosphingolipid biosynthesis - globo and isoglobo series	0	0.000122761163766534	-4.90589411740909e-12	0	0	0	0	0	0	1.69407891558258e-07	-0.00047612312288321	1.43145300456302e-06	0	0	1.15652387609479e-05	0	0	0	-0.000532960353941903	0	0	2.85084536439271e-18	-0.0570018188930808	0
path:hsa00604	Glycosphingolipid biosynthesis - ganglio series	0	5.17218564077138e-06	7.12816778747653e-13	0	0	0	0	0	0	-2.43679108090799e-08	0.000124924256574137	4.44299468509108e-07	0	0	0.004757416952822	0	0	0	-1.45521945371556e-07	0	0	1.26550243663878e-18	-2.82774915842185e-06	0
path:hsa00620	Pyruvate metabolism	0	0.000144913192215759	7.73358263867263e-08	0	0	0	0	0	0	-0.00353666619288507	-0.0206508729156719	0.0103447795747439	0	0.00887604132881038	0.000150536363549594	0	0	0	1.93396851123531e-05	0	0	-7.75303866812793e-16	-0.00789654055544655	0
path:hsa00630	Glyoxylate and dicarboxylate metabolism	0	-1.97421446581957e-08	1.53313501844392e-11	0	0	0	0	0	0	-2.25252511439658e-08	-0.000838179462288272	1.59023143176128e-06	0	0.000100620178304229	0.00467781406428325	0	0	0	-3.44854727973058e-07	0	0	-3.10597040775616e-22	0.000164652814044739	0
path:hsa00640	Propanoate metabolism	0	7.3121080496254e-05	1.73860276594346e-09	0	0	0	0	0	0	-3.16699025324371e-05	-0.0191203313534903	0.000158215333285764	0	0.00994932323072216	0.000172113696785976	0	0	-0.000406334767978387	0.000509878572295949	0	0	-0.00964208864413676	-0.00903558139148042	0
path:hsa00650	Butanoate metabolism	0	7.34545976701768e-05	-4.05717491118328e-11	0	0	0	0	0	0	-1.94767946263511e-05	-0.000668640293414522	3.04526165208086e-07	0	0	4.27229720009677e-05	0	0	-1.80673226400615e-05	5.17627166284016e-07	0	0	-0.000428726729451728	-0.000897388856015692	0
path:hsa00670	One carbon pool by folate	0	-8.86834888049047e-05	-5.09606070508552e-13	0	0	0	0	0	0	-0.000170347403529448	0.000945209259634729	-4.28086315538553e-08	0	0	0.00467680846943906	0	0	0	0.000505887847905289	0	0	3.17139963611507e-09	7.81572554341543e-05	0
path:hsa00730	Thiamine metabolism	0	-7.24876884058005e-05	-0.000339242830096321	0	0	0	0	0	0	-4.46464731688571e-06	-0.00613701120350938	-3.25047717948945e-05	0	0	0.0175702625801075	0	0	0	7.9271808150258e-06	0	0	-3.5802920055887e-18	0.00799447600195821	0
path:hsa00740	Riboflavin metabolism	0	-2.36356935926199e-07	-0.00252012562217226	0	0	0	0	0	0	-3.50152352717127e-05	0.000228205544596379	-0.000241468605084648	0	0	-3.08231634393417e-09	0	0	0	-1.57367517714308e-06	0	0	4.32204566335127e-11	-7.51651741175719e-05	0
path:hsa00750	Vitamin B6 metabolism	0	1.10890340335759e-11	1.10030972812094e-11	0	0	0	0	0	0	1.58625067586046e-10	4.7859679854101e-06	1.19267357382096e-06	0	7.54651337281718e-05	5.00888026274824e-07	0	0	0	5.0055911146451e-11	0	0	-2.49503679890192e-23	-8.09785508582124e-07	0
path:hsa00760	Nicotinate and nicotinamide metabolism	0	-0.000458341416426995	-3.27877120319702e-05	0	0	0	0	0	0	-1.25033758213276e-05	0.0266025119368018	0.00544293394155261	0	0	0.0184618109901234	0	0	0.00243775250164336	-0.00186435289008481	0	0	-1.4585031982255e-06	-0.154674000028287	0
path:hsa00770	Pantothenate and CoA biosynthesis	0	-7.20782343234962e-05	-3.98838575720885e-13	0	0	0	0	0	0	-1.09493167492817e-07	-0.000272792786517416	-7.07205976519775e-08	0	0	0.0173532738271534	0	0	-3.27127281487301e-07	-0.000498583475905337	0	0	-7.76254120292949e-06	2.13549675312808e-05	0
path:hsa00780	Biotin metabolism	0	2.46724031434134e-05	3.12363427327008e-14	0	0	0	0	0	0	-6.30282835843619e-09	4.49422417576658e-05	8.76704196015322e-08	0	0	2.52840367134728e-06	0	0	-1.39710609801868e-08	-6.75862231382303e-07	0	0	-3.31525197207146e-07	-1.77470114746395e-05	0
path:hsa00785	Lipoic acid metabolism	0	4.24422585343699e-07	5.37337288845605e-16	0	0	0	0	0	0	-1.08423263287958e-10	7.63262606697829e-07	1.50813465290999e-09	0	0	4.34944246217104e-08	0	0	-2.40334668157219e-10	-1.16263995828937e-08	0	0	-5.70300268315561e-09	-3.05289352542738e-07	0
path:hsa00790	Folate biosynthesis	0	-8.9971333037068e-05	-5.91218703008909e-05	0	0	0	0	0	0	-0.000171146618189167	-0.0131021425855854	-5.60405139236057e-06	0	0	0.0179086094244479	0	0	0	0.000512113101945992	0	0	3.17139978725092e-09	0.00051875295849067	0
path:hsa00830	Retinol metabolism	0	5.30451802783552e-07	1.87010076562094e-12	0	0	0	0	0	0	-7.32318018269506e-07	0.000420964830967241	-7.07287020025594e-08	0	0	0.00979827495009337	0	0	0	-0.000487135996946279	0	0	1.24336876857717e-11	-0.000199835576517035	0
path:hsa00860	Porphyrin metabolism	0	2.00209596295446e-06	-8.52470255286156e-05	0	0	0	0	0	0	-0.0606602631195918	-0.00514792476419851	3.02601693306221e-05	0	0.0024148842793015	0.0220220487756414	0	0	0	0.00051344706060601	0	0	1.12918886041388e-06	0.00769828309243017	0
path:hsa00900	Terpenoid backbone biosynthesis	0	-7.57459086607404e-05	-3.30902908487509e-10	0	0	0	0	0	0	1.1389890976891e-05	0.00105295826376579	1.4226442064644e-11	0	0	-0.238903581543741	0	0	0	-5.50489928888713e-06	0	0	-2.0552294399191e-19	0.000192787816567996	0
path:hsa00910	Nitrogen metabolism	0	0	0	0	0	0	0	0	0	0	3.79907266138508e-07	0	0	0	0	0	0	0	0	0	0	0	0	0
path:hsa00920	Sulfur metabolism	0	0	0	0	0	0	0	0	0	0	0	0	0	0	0	0	0	0	0	0	0	0	0	0
path:hsa00970	Aminoacyl-tRNA biosynthesis	0	7.66302771684863e-05	3.35891000268788e-10	0	0	0	0	0	0	-1.15527146062616e-05	-0.0214531402200031	2.71785332703654e-10	0	0	-2.74096460878772e-05	0	0	0	-3.09293212545313e-05	0	0	-1.66426238395798e-16	-0.00828291438967016	0
path:hsa00980	Metabolism of xenobiotics by cytochrome P450	0	7.48446935051039e-05	3.22457686201094e-10	0	0	0	0	0	0	-1.18000934462826e-05	-0.0192295413970372	3.86429167323567e-07	0	0	0.022117693266397	0	0	0	-0.00100020856750806	0	0	1.18790304407652e-11	0.00791805966346445	0
path:hsa00982	Drug metabolism - cytochrome P450	0	2.41716263064917e-06	9.71485138877104e-13	0	0	0	0	0	0	-7.79646164676706e-07	-0.0074461103239982	1.48548866202456e-07	0	0	0.0220235863801004	0	0	0	-0.000998641841464707	0	0	1.27221271804297e-11	0.00762614612486651	0
path:hsa00983	Drug metabolism - other enzymes	0	2.19101860038486e-06	-3.27707750092888e-10	0	0	0	0	0	0	1.06603072453579e-05	0.000541437530786613	1.91347358954772e-07	0	0	0.0269755518718779	0	0	0	-0.00101348935927809	0	0	1.15356236665871e-11	-9.26896309052008e-05	0
path:hsa01040	Biosynthesis of unsaturated fatty acids	0	-0.000545975416498165	-0.0809850397243389	0	1.44802498597616	0	0	0	0	-2.28967920831551e-06	-0.0006744807198567	0.00130443580523149	0	0	3.67654947006087e-05	0	0	-1.70378792441303e-10	-5.55886777001187e-06	0	0	-4.04830421833715e-09	-2.33274016157451e-05	0
path:hsa01100	Metabolic pathways	0	0.879150504740731	-0.469249029975862	-0.051055785998796	9.3354533764646	-0.269950132867196	-0.144837414030118	-1.94870252163507	0	-0.109517734443463	-0.306480063537338	0.376493526781939	0.00931792255681223	0.184495262747837	-0.128230422963704	0	0	0.0774053374684514	-0.0113949104602232	0	0	-0.0145162684457007	-0.355017985219062	0
path:hsa01200	Carbon metabolism	0	6.69572328606976e-05	4.49625485635916e-09	0	0	0	0	0	0	-0.000376150400185674	-0.0343681849629345	0.00541839906427269	0	0.0334220593084623	0.00607453486426782	0	0	0.00216221674208968	-0.000460649582783167	0	0	-0.0100677915398121	-0.0363584546326787	0
path:hsa01210	2-Oxocarboxylic acid metabolism	0	1.08585556054127e-07	-5.20500927328467e-13	0	0	0	0	0	0	-0.000172482102587364	-0.00861124366763307	2.7726214653927e-10	0	0	0.00172392179629933	0	0	0	5.74277426746543e-06	0	0	3.21114453532396e-09	-0.00851545440887596	0
path:hsa01212	Fatty acid metabolism	0	0.000136963831283632	-1.07590345391221e-05	0	0	0	0	0	0	-0.0079099202259457	-0.00700775335020675	0.00457733532492933	0	0	0.000123175203746391	0	0	-0.00238234698862783	-0.000505926286868181	0	0	-0.0565322025811534	-0.00745715454861544	0
path:hsa01230	Biosynthesis of amino acids	0	-0.0367416423746411	1.49516226920902e-08	0	0	0	0	0	0	0.000993555519565757	-0.0616241387267833	-0.000637936242726262	0	0.0331616894506152	0.0034984082763963	0	0	7.49116419002477e-06	-0.00101495826279644	0	0	-1.82743575583986e-08	-0.0171164877021618	0
path:hsa01232	Nucleotide metabolism	0	-6.91466447400112e-05	-3.25391966714643e-10	0	0	0	0	0	0	1.12007831517045e-05	-0.00613613824743858	2.6475140503946e-07	0	0	0.0100095883309257	0	0	0	-2.19321509324294e-06	0	0	-1.37147076421185e-16	-0.00764229966748032	0
path:hsa01240	Biosynthesis of cofactors	0	-0.037115304461495	-0.00126244391386037	0	4.5250780811755e-07	0	0	0	0	0.000559347709202762	-0.0512319186432897	-0.00131408076408008	0	7.54651337281718e-05	0.0196780579153724	0	0	-1.36884126206081e-07	-2.20656159767587e-05	0	0	-3.25868028352667e-06	0.0082822428277219	0
path:hsa01250	Biosynthesis of nucleotide sugars	0	-5.8419808289618e-05	7.84286712249904e-10	0	0	0	0	0	0	-6.41927604519228e-08	-0.000274966806045579	7.2153070974306e-05	0	0.00537481392775773	0.00472697404679957	0	0	0.00254729824918416	4.76758673735906e-07	0	0	9.1836824723959e-13	-3.44620227612021e-06	0
path:hsa03015	mRNA surveillance pathway	0	-6.7728345269759e-07	-0.00763629277010429	0	0	0	0	0	0	2.26513220007465e-05	0.00324253477533984	8.80093890559394e-05	0	0	0.00244422757207943	0	0	0	-0.00146315735608732	0	0	2.11105359623126e-10	-0.0817043183787301	0
path:hsa03018	RNA degradation	0	7.04529057719592e-08	1.04438106862722e-13	0	0	0	0	0	0	-6.54088158834664e-08	-0.000893781797424205	-4.31447269590717e-08	0	0	2.10408237121231e-06	0	0	0	-0.000509966265349896	0	0	1.15038277596952e-12	4.2570470140638e-05	0
path:hsa03250	Viral life cycle - HIV-1	0	-7.30883804398045e-05	-3.26625846122993e-10	0	0	0	-0.441736581055413	0	0	1.14835042120395e-05	-0.0290919400550861	-7.43212622390455e-08	0.111924636597191	0	-5.61477779049905e-06	0	0	0	-0.00151877555948896	0	0	-1.92111812550341e-16	-0.00196202097991301	0
path:hsa03320	PPAR signaling pathway	0	0.0126530809409953	-0.000503275920924582	0	0.009050156162351	0	-0.0176694632422165	0	0	-0.0118626886488615	-0.0676789878503667	0.00585074828733605	0	0	0.0311073236141912	0	0	-0.0100557290692789	-0.00160763812558005	0	0	-0.238616637989178	-0.0489473268286491	0
path:hsa03440	Homologous recombination	0	-0.050117506763771	-7.35551196663164e-10	0	0	0	0	0	0	-4.10162587724287e-05	0.0702388328404645	-0.0149231286082826	0	0	0.00934649539815809	0	0	0.00243775250164336	-0.00198492696933589	0	0	7.87835466577224e-05	-0.0130545249102443	0
path:hsa03460	Fanconi anemia pathway	0	-0.0752132228434053	-1.46253020511795e-09	0	0	0	0	0	0	0.000243723155840398	0.0630299667721817	0.152842426947556	0	0.125573982523678	0.0272367377133196	0	0	0	-0.00508934290115333	0	0	-3.67794988524207e-09	-0.0683063084281299	0
path:hsa04010	MAPK signaling pathway	0	-0.0797472607078073	-1.1698272459609	-0.323940159440636	0.193220834066194	0	-0.588982108073884	-0.539900265734392	0	-0.451490070363008	0.612214423698216	0.546656543269358	0.469539034519434	-0.0614960851722078	-0.0113682038436045	0.13883149690313	0	0.244184387665559	-0.0188541700185739	0	0	-0.0213171916400306	-0.41844527847288	0
path:hsa04012	ErbB signaling pathway	0	-0.0313060671352303	-0.396444842515918	-0.0134975066433598	0	0	0	-2.19334482954597	0	-0.158760989337438	-0.177609185207536	0.232782847549785	0.122114772034482	0.115716620397092	-0.00915393588607097	0.00555325987612518	0	0.00268539720022301	-2.69993012277365	0	0	0.000243778881330195	-0.498247569215082	0
path:hsa04014	Ras signaling pathway	0	0.232204207909386	-1.1940304218483	-0.175467586363678	0.398206871143444	0	-0.000929971749590343	-1.65344456381158	0	-0.118210304961065	0.63871318684196	0.0866316143161724	0.115202034269394	-0.0662678384958561	0.112772866253133	0.144384756779255	0	0.289074051860627	-0.255448671115967	0	0	0.000268782603128989	-0.228500350234576	0
path:hsa04015	Rap1 signaling pathway	0	0.337587409850443	-0.763416996535511	-0.161970079720318	0	0	-0.0362688982340234	-1.61970079720318	0	-0.218663479800379	0.171338293923084	0.00214978897979605	0.133774674412438	-0.0611878991913035	0.0358775086269187	0.13883149690313	0	0.0215480192765719	-0.0120380115527179	0	0	-0.00061924034191833	-0.386978704124301	0
path:hsa04020	Calcium signaling pathway	0	-0.0431479072884811	-0.796383024661557	0	0.00117286040431774	0	-0.00464985874795171	-2.15960106293757	0	-0.202467182231748	0.47456478404693	0.81700253384956	0.0188631443325235	0.0104633553338545	0.15703228461671	0.13883149690313	0	0.00347323140765401	-2.43867803365125	0	0	0.000190716694592721	-0.202037543153922	0
path:hsa04022	cGMP-PKG signaling pathway	0	-0.0273750403499464	0.00215278161096565	-0.16983536874118	9.4802742614312e-08	0	-0.463187369294129	0	0	-0.300413354217452	-0.119536166159552	0.470152760226767	0.00306211035260593	-0.0907435556252116	0.0761856951467968	0	0	0.243045089737974	-0.00742023951700934	0	0	8.70810557423842e-05	0.000161305637448434	0
path:hsa04024	cAMP signaling pathway	0	-0.0462889639752003	0.00113415224042185	-0.176877546120325	0.0122177108191738	-0.269950132867196	-0.483323279350476	-1.61970079720318	0	-0.488260830220551	-0.0733093126744698	0.483223939555557	0.00190003053028336	-0.00506872664809972	0.0940239289042689	0	0	0.253431945605756	-0.0127401493162517	0	0	-0.00948289497882731	-0.437068391277563	0
path:hsa04060	Cytokine-cytokine receptor interaction	0	0.803895932375346	-0.328197913686102	-0.281316454251079	0	0	0	0	0	-0.164744653031056	0.578557968863338	0.286470055502449	0.133438191372462	0.460995266867724	0.0655087997337933	0.222130395045007	0	0.00243775250164336	-0.0112659558085632	0	0	-4.07872599472971e-05	0.0216473749016441	0
path:hsa04061	Viral protein interaction with cytokine and cytokine receptor	0	0.274589706889434	-0.323281417260758	-0.272791713213167	0	0	0	0	0	0.00055215852779299	0.429401234922087	0.221371731700264	0.147280559918591	0.460365898712425	0.0059878786072931	0	0	0.00243775250164336	-0.00504450585310639	0	0	8.07399441687099e-05	-0.25374774191458	0
path:hsa04062	Chemokine signaling pathway	0	-0.0722593691329889	-0.0388915348025822	-0.448259299576845	0	0	-0.441736581055413	-0.0337437666083995	0	-0.426611921674807	0.316961297423803	0.00926612524876522	0.265519066683167	0.20482151433591	0.0994005179664132	0.00555325987612518	0	0.28502981131734	-0.25525830727454	0	0	0.00016783073507997	-0.434711105929759	0
path:hsa04064	NF-kappa B signaling pathway	0	-0.0654554408556226	-0.32356371842475	-0.161970079720318	0.643566660433848	0	-0.441736581055413	0	0	-0.107807166374058	-0.0261455460104403	0.0118731150485976	0.111924636597191	0.248590239573755	0.056960746793358	0	0	-0.00765909332649657	-0.011901874832833	0	0	-0.302186882260707	-0.13835775395328	0
path:hsa04066	HIF-1 signaling pathway	0	-0.0553212923439011	-0.695042045773756	-0.161970079720318	0	0	0	0	0	-0.267331880403729	0.0355438007449128	0.220817030488214	0.111924636597191	0.254266051962469	0.0830870559752374	0	0	0.00497773424746297	-2.45620195716557	0	0	0.000241612273896526	-0.413631406519385	0
path:hsa04068	FoxO signaling pathway	0	-0.0469817231987274	-0.00870795592535617	-0.161970079720318	0	0	-0.147245527018471	0	0	-0.48063828268263	0.206939188793888	0.00905157546029237	0.0029453851736103	0.28760168199885	0.143399037986177	0	0	0.00683714765243008	-2.5173597450923	0	0	-0.0111634172252273	-0.455240387135063	0
path:hsa04070	Phosphatidylinositol signaling system	0	0.0115429719779627	0.000628680840799705	-0.051055785998796	0	0	-0.144837414030118	-1.94870252163507	0	-0.0502433391299229	-0.0959792163804835	0.0125296066422081	0.00932705304976591	-0.0047730519726934	0.0782891968408348	0	0	0.0769913408374697	-0.00640749113355842	0	0	-7.00279523798099e-05	-0.13673469593228	0
path:hsa04071	Sphingolipid signaling pathway	0	0.252336176490519	-0.00921467767616074	-0.161970079720318	0	0	-0.441736581055413	0	0	-0.578048797444889	-0.293082783918022	0.00132991486207067	0.111924636597191	-0.00944768547347721	0.0918600786967628	0	0	0.236055700575799	-0.0138893479385056	0	0	-0.00948567062908315	-0.221236974331969	0
path:hsa04072	Phospholipase D signaling pathway	0	0.247924411951731	-0.387778927279428	-0.0346240387807926	9.48027426121273e-08	0	-0.0576178149202712	-0.0337437666083995	0	-0.0759542665432667	-0.0578603298013437	0.00704977334200633	0.164835099879601	-0.0490746065394686	0.241300153301823	0.00555325987612518	0	0.26524863746466	-0.249484674002813	0	0	0.000163439444230125	-0.350298311293434	0
path:hsa04080	Neuroactive ligand-receptor interaction	0	-0.0278562027792025	-0.00130058153168271	-0.226758111608445	0.0198037723590088	0	0	0	0	-0.42083077428142	-0.0290971626042047	0.0549844182515563	0.0519659325884118	-0.0075051954455062	0.211353622645539	0	0	0.236640761176193	-0.00361442772607872	0	0	-4.24880729933184e-06	-0.150970902959131	0
path:hsa04110	Cell cycle	0	0.546342232503782	0.000181920427760812	0	0	0	-0.147245527018471	0	0	-0.418417588187134	0.22394945398258	0.245287326723847	0.111924636597191	0.120744213965075	-0.26201174822686	-0.694157484515648	0	0.00731325750493009	-2.29614625616275	0	0	0.000157790160221167	-0.273364355393211	0
path:hsa04114	Oocyte meiosis	0	0.00261053309313621	-0.00777120760134512	0	0	0	-0.000929971749590343	0	0	-0.00302010974385665	-0.147565461515777	0.193059456350878	-9.67907659778103e-05	-0.00241555061269325	-0.183236093346394	0	0	0.00139304427421872	-0.00254751427265796	0	0	8.14301894180012e-05	-0.174207383892529	0
path:hsa04115	p53 signaling pathway	0	0.803942888524877	-0.000353473734463558	0	0	0	0	0	0	-0.261298218335257	0.180392563622011	0.257856874118014	0	0.572949446355267	0.0810004759378748	-0.694157484515648	0	-0.0714185641792566	-1.95274040084449	0	0	0.0990583999767644	0.14176518108761	0
path:hsa04122	Sulfur relay system	0	0	0	0	0	0	0	0	0	0	0	0	0	0	0	0	0	0	0	0	0	0	0	0
path:hsa04130	SNARE interactions in vesicular transport	0	-6.35265740376198e-07	-8.34854982026546e-13	0	0	0	0	0	0	2.92479875735247e-08	-0.00655453534932748	0	0	0	-0.00497811272206846	0	0	0	0.000499978561047403	0	0	-2.65667275038472e-17	-0.00824388453703096	0
path:hsa04136	Autophagy - other	0	-3.12952308633921e-06	-0.324139128512306	0	0	0	0	0	0	-0.000142339279037675	-0.0521075112203513	0.00493885010520974	0.00932705304976591	-0.00263557223339733	-0.0104739795005715	0	0	4.28863866029852e-07	-0.00205109426588202	0	0	-6.69478511112147e-05	-0.024050554644228	0
path:hsa04137	Mitophagy - animal	0	-0.0505971187670275	0.0269627483799081	0	0	-0.269950132867196	0	0	0	-0.105777566048143	-0.287408270316636	-0.0228534331133807	0.186541060995318	0.484444726696737	-0.205198160676802	0	0	0.00156603026448164	0.0141416064086504	0	0	-0.0220730591002283	-0.425226469168897	0
path:hsa04140	Autophagy - animal	0	-0.0246066183133294	-0.275325607078488	0	0	0	0	0	0	-0.00250663976270563	-0.255564262686775	-0.0204391182515701	0.326446856741808	0.838665802159141	0.0481984177104858	0	0	0.00198647485566785	-0.0107125464534457	0	0	-0.0147213701440408	-0.372506156803227	0
path:hsa04141	Protein processing in endoplasmic reticulum	0	6.80361627882106e-05	-4.18656436047577e-05	0	0	0	0	0	0	-0.172331720609018	-0.139768340317057	0.00104039935880106	0.111924636597191	-0.00725885803954742	-0.102380953749082	0	0	0.00243775250164336	-0.00944416727600872	0	0	-3.60354056998716e-06	0.113636061748905	0
path:hsa04144	Endocytosis	0	-0.0724085137149965	-0.350514386116511	-0.00852474103791147	0	0	0	0	0	-0.00625727876588236	-0.164079575028615	0.00899244785043545	0.00333904496659802	-1.61667184851816e-05	-0.0461218738147056	-0.555325987612519	0	0.241337497662693	-0.00864469262899195	0	0	7.99815099174353e-05	-0.177347275717641	0
path:hsa04145	Phagosome	0	-1.58046173319092e-06	0.000627852519834883	0	0	0	0	0	0	2.6368528138096e-06	0.000392282546964018	2.91105479740557e-06	0.00932705304976591	0	-0.00230929762662564	0	0	4.28863866029852e-07	-9.74766684414726e-06	0	0	-6.69509971408609e-05	0.00025848106776611	0
path:hsa04150	mTOR signaling pathway	0	-0.0497847092863428	-0.357524472580251	-0.161970079720318	0	-0.337437666083995	0	0	0	-0.440964030241946	0.369572838897677	-0.00251768233411273	0.0167886954895786	0.266169838239196	0.0569329535380829	0	0	0.00201299259605399	-0.0124489101181451	0	0	2.01450489584157	0.247270161246285	0
path:hsa04151	PI3K-Akt signaling pathway	0	1.41324936572958	-1.50980887530355	-0.161970079720318	0	0	-0.724447992930877	-0.539900265734392	0	-0.672942265520592	1.43740012182322	0.368201383182471	0.241647815029199	0.384324080903597	-7.53780541587215e-05	-0.555325987612519	0	0.377556948138243	-2.05546068185258	0	0	0.0864380832807549	-0.381486204986365	0
path:hsa04152	AMPK signaling pathway	0	-0.0386561905282756	-0.303931676630946	0	0	0	-0.0176694632422165	0	0	-0.0590089349799385	-0.1549107669386	0.00960373113876542	0	0.0394728770673397	-0.0620845106491144	0	0	0.000821198902501255	-0.0117604321286657	0	0	-0.0384813797263591	-0.318913533059057	0
path:hsa04210	Apoptosis	0	0.252311689782141	-0.0132274156358707	0	0	0	0	0	0	-0.262701173035664	-0.0463530512788093	-0.000517676763980783	0.111924636597191	0.594729935451702	0.0926032467348029	0	0	0.381065592764022	-0.0154455158391782	0	0	-0.317849219416411	-0.0588843096571658	0
path:hsa04211	Longevity regulating pathway	0	-0.0505524586090555	-0.292957333711948	0	0	0	0	0	0	-0.263894930494501	-0.278791180623473	-0.00530496520305021	-9.67907659778103e-05	-0.0550704918431646	0.0963374495059221	0	0	0.000857519697198665	-0.0139337723164039	0	0	0.000157665308380917	-0.218068729917741	0
path:hsa04213	Longevity regulating pathway - multiple species	0	-0.000329387891872402	-0.304768779262462	0	0	0	0	0	0	-0.00260430712089853	-0.189927718428989	-0.00377127885586209	-9.67907659778103e-05	-0.086463987474084	0.0624475439444762	0	0	0.000857519697198665	-0.00900823108506846	0	0	7.69365889505057e-05	-0.326890787575751	0
path:hsa04215	Apoptosis - multiple species	0	6.9424053310725e-05	1.08716736447923e-05	0	0	0	0	0	0	-0.15685050163585	-0.0749611267587082	-0.000145171806889773	0	0.475214727819687	0.00524697586534332	0	0	0.061231699503183	-0.00818849258309793	0	0	-0.192821520711632	0.116343417317378	0
path:hsa04216	Ferroptosis	0	0.000935562650141907	-0.000338794506218285	0	0.00605857676424053	0	0	0	0	-0.108072406901834	-0.163372156032749	0.00984036272546691	0	0.00482976855860299	-0.0681234162279003	0	0	0	-0.0108162655819284	0	0	-1.08115247200142e-06	-0.152000770405644	0
path:hsa04217	Necroptosis	0	0.228597280526655	-0.00817188720685806	0	0.18100312324702	0	0	0	0	-0.314391535932794	0.0676192681077906	0.211842216627659	8.76602730241158e-05	0.317604948944287	0.0830549780702971	0	0	0.250230153455082	-0.0110018367631292	0	0	-0.300177611401259	0.421110147202132	0
path:hsa04218	Cellular senescence	0	0.532266094459961	-0.314486563259584	0	0	0	-0.147245527018471	0	0	-0.427810819656797	0.471748027506252	0.449034648369161	0.122099603560572	0.0532358909959728	-0.0143205039222776	-0.694157484515648	0	0.00731325750493009	-2.03821358843364	0	0	0.000155018256624702	-0.0525754825902491	0
path:hsa04260	Cardiac muscle contraction	0	-7.26257715415214e-05	0.000176197416912651	-0.00905422805889976	0	-0.269950132867196	-0.0246933492515448	0	0	-0.00894467246469906	-0.0140016820860707	0.0098065057030843	-9.48029619371919e-07	1.2032160493077e-09	0.0175849885055374	0	0	0.0130666225878286	7.13314911272627e-06	0	0	3.61486558575566e-09	0.000211494908155621	0
path:hsa04261	Adrenergic signaling in cardiomyocytes	0	-0.027773511363392	-0.00453483307637747	-0.016096405438044	0.0122179038104713	-0.269950132867196	-0.0438992875583019	0	0	-0.249634304839806	-0.0760476015516833	0.688348459455392	0.00316081243053862	-0.00703288068654043	0.0235829289226171	0	0	0.0208077064979816	-0.00883676187315472	0	0	-1.390106862341e-08	-0.231575266476194	0
path:hsa04270	Vascular smooth muscle contraction	0	-0.0286044947733496	-0.102323526812003	-0.452235827329774	1.81614018268253	0	-0.438244592272366	0	0	-0.211503951060395	-0.0983367996473099	0.0034552328596305	0.00882208378258833	0.00045249091157517	0.0406491369452804	0	0	0.232951093724961	-0.00300567732398653	0	0	8.24419645029183e-05	-0.0557946853945454	0
path:hsa04310	Wnt signaling pathway	0	0.000724688261323174	0.00168512405308035	-0.161970079720318	0	-0.337437666083995	-0.441736581055413	0	0	-0.701289588341951	0.367518586887253	0.422244133810401	0.12871333208677	0.118229893274273	-0.00800401308461347	0	0	0.569621501217333	0.224341969448584	0	0	-5.79116106359665	-0.424841739600905	0
path:hsa04330	Notch signaling pathway	0	-0.0331389026769812	-3.27644102269151e-05	0	0	0	0	0	0	-0.00236619011891309	-0.245409618259397	0.00626731707579143	0	-0.0024148842793015	0.0455814170984491	0	0	0.00243775250164336	-0.00604628083666553	0	0	0.00365125739316727	-0.311685826675043	0
path:hsa04340	Hedgehog signaling pathway	0	6.805928520313e-05	-1.14508700087398e-05	0	0	0	0	0	0	-0.061414196082769	0.136404206107593	0.0040539829637959	0.000392718023148038	-4.98428127822806e-07	0.0827762288062189	0	0	0.00243775250164336	-0.00940605660652687	0	0	-2.4596689134509e-06	-0.125397503725995	0
path:hsa04350	TGF-beta signaling pathway	0	0.249493692110162	-0.00763945917316773	-0.161970079720318	0	0	-0.588982108073884	0	0	-0.682300106159864	0.13472585473006	0.219090624072517	0.207060577704803	-0.00738670485433398	0.100266110193112	0	0	0.475361737820456	0.0198142798340145	0	0	7.52617187391148e-05	0.0226437183545296	0
path:hsa04360	Axon guidance	0	0.00815153034883183	-0.0144700388913537	-0.522584435641952	0	-0.0224958444055997	-0.559426580154897	0	0	-0.431875554535871	-0.121605955091722	0.772200854673789	0.000290614874816263	0.123606212740698	-0.205832844411493	0	0	0.53057316390872	-0.00909595581877915	0	0	0.354779470089122	-0.147542948185449	0
path:hsa04370	VEGF signaling pathway	0	-0.000572049474443637	-0.348966998582011	0	0.824569783680869	0	0	0	0	-0.0519615461470232	-0.0718505331048855	0.00465177398933737	8.76602730241158e-05	0.152653898963326	0.0673745406544013	0	0	-0.0714185641792566	-0.00906489899833821	0	0	0.0989851299400441	-0.213613656598817	0
path:hsa04371	Apelin signaling pathway	0	-0.0808109858181546	-0.314735058541492	-0.016096405438044	9.48027426121273e-08	0	-0.0438992875583019	0	0	-0.0691340818880668	-0.242354334259396	0.191777729904634	0.201783584271385	0.209306693212302	0.0695908525104626	0	0	0.0786634685970073	-0.0100152187197484	0	0	-0.0121505120282868	-0.265380261498394	0
path:hsa04380	Osteoclast differentiation	0	0.257004124501849	-0.0185964560554076	-0.0323940159440636	0	0	-0.588982108073884	0	0	-0.2661479927828	0.199353778418846	-0.0261744411144122	0.111924636597191	0.14785800836945	0.0743627687352461	0	0	0.0039732115440118	-0.013907949771747	0	0	-0.021447707039614	-0.418130667604537	0
path:hsa04390	Hippo signaling pathway	0	0.0182555114937715	-0.00640971698961091	0	0	-0.337437666083995	-0.147245527018471	0	0	-0.70001324021153	0.648974612579364	0.223478908443404	0.12311710025691	0.118084807097227	0.034869951873356	0	0	0.0959455061874072	0.224644681235131	0	0	-3.51035014790824	-0.143144410715951	0
path:hsa04392	Hippo signaling pathway - multiple species	0	-7.04531739300473e-05	-1.09304704231632e-05	0	0	0	0	0	0	-0.052380318767089	0.119274961039365	-0.000832743721206092	0	-0.00738670485433398	0.0101793635427922	0	0	0.0025352626017091	-0.00345101150198262	0	0	4.89582923742072e-07	-0.0851846560256328	0
path:hsa04510	Focal adhesion	0	1.39960688711477	-0.429851362665459	-0.255400872459419	0	0	-1.38418444515649	-0.0337437666083995	0	-0.819432429684583	0.0817846534100766	0.354717641330107	0.111980846042497	-0.00229307762728568	0.0348057002832193	0.00555325987612518	0	0.737604624922809	-0.0146491322493381	0	0	-0.288979173522621	-0.235948102067791	0
path:hsa04512	ECM-receptor interaction	0	1.59769736456876	0.00097050671512347	0	0	0	-0.795125845899744	0	0	-0.313935725927752	-0.0891701049776322	0.377234572955746	0.111924636597191	-0.002556936295731	-0.0165450723760678	0	0	0.419611398000264	-0.00372729149149301	0	0	-6.09056260860411e-07	-0.0502324945633405	0
path:hsa04514	Cell adhesion molecules	0	0.0801172812297869	9.59746829833612e-05	-0.161970079720318	0	0	-0.035338926484433	0	0	-0.383464149314159	0.0194588075016595	0.0160139956836063	0	0.125570948363061	-0.142969547403278	0	0	0.020349933926762	-0.0031269249263767	0	0	8.11770527575131e-08	-0.155262869353512	0
path:hsa04520	Adherens junction	0	-0.0499890433094306	-0.0121304197536742	0	0	0	0	0	0	-0.135271978972098	-0.235153950972027	0.00182980695302917	0	0.125935047636997	0.0982186483096299	0	0	-0.109698862573951	-0.00941255954148744	0	0	-2.429468877344	-0.381354932507231	0
path:hsa04530	Tight junction	0	-0.0162229801175264	-0.0203246696324465	-0.210625123430769	0	0	-0.592101618053406	0	0	-0.262415525173407	-0.242920006314345	0.205530077947566	0.11192248198442	0.0559246453961486	-0.0260248662791713	0	0	0.3144268664204	-0.0147869800103815	0	0	-0.000794859747117368	-0.36561286570787	0
path:hsa04540	Gap junction	0	-0.0281688553154941	-0.0142202276977762	0	0	0	0	0	0	-0.000273846268396483	-0.0717428108933463	-0.00799759227327238	0.120664001352044	0.126283620803232	0.0974521636377089	0	0	0.000857519697198665	-0.00399310321140812	0	0	0.000156800073508842	-0.206796521323262	0
path:hsa04550	Signaling pathways regulating pluripotency of stem cells	0	-0.0257424219997032	-0.349867737769852	0	0	-0.337437666083995	0	0	0	-0.700885440230428	0.344736600413473	0.0111903976111795	0	-0.00835643412039629	0.103916837321809	0.13883149690313	0	0.182831437623252	-0.0163954530641532	0	0	-2.83451076216222	-0.0557119176557781	0
path:hsa04610	Complement and coagulation cascades	0	0.0199802945959625	-2.02123487242995e-09	0	0	0	0	0	0	0.000227873270586907	-0.0163221289055415	9.85816078481087e-10	0	0	0.279439688575376	0	0	0.234024240157763	-0.000946215773236773	0	0	-2.94339537803928e-09	-0.101046117564913	0
path:hsa04611	Platelet activation	0	0.388444616234113	-0.0911411209722256	-0.181724759121554	8.06469471356166	0	-0.54862136914907	0	0	-0.231377338657273	-0.126878975825581	0.512109087058259	-1.36120875179983e-05	-0.00240459963803924	0.108335303409115	0	0	0.293876257461956	-0.00461960560507099	0	0	-3.80675052785104e-06	-0.244959258332725	0
path:hsa04612	Antigen processing and presentation	0	-0.0490350175085434	-3.9843566123556e-10	0	0	0	0	0	0	-0.291730872517925	0.148643994027794	-0.00200841160667198	0	0	0.0649973363933197	0	0	0.00243775250164336	-0.00242221049811608	0	0	-7.84738546475305e-09	-0.128842992551685	0
path:hsa04613	Neutrophil extracellular trap formation	0	-0.00691919422795021	-0.333185607817998	0	0	0	-0.0176694632422165	0	0	-0.104210639902168	-0.212721582543647	0.0300359404080267	0	-0.00211272639532348	0.0713476962588269	0	0	0.0151674840867466	-0.00933048812933266	0	0	0.000155155181684238	0.0292419920888168	0
path:hsa04614	Renin-angiotensin system	0	-0.0281103466850703	-1.38762395737526e-07	0	2.47502874462375e-06	0	0	0	0	3.75264459085406e-06	0.00028085677548403	3.72858539060189e-09	0.00326096215649711	-4.1387335613858e-06	0.0149393291592055	0	0	0	-0.000539330758310936	0	0	1.4746733641819e-10	8.24046893785101e-05	0
path:hsa04620	Toll-like receptor signaling pathway	0	-0.0577068151697743	0.000990093070829478	0	0	0	-0.441736581055413	0	0	-0.106000853187166	0.151520156695868	-0.00277591977157275	0.244200155150763	0.116134944312001	-0.0462623753187557	0.13883149690313	0	0.00398868933767303	-0.0126877029803101	0	0	-0.0214447345552694	-0.307935773116269	0
path:hsa04621	NOD-like receptor signaling pathway	0	-0.0545799909934707	-0.000216815175494448	0	0	0	-0.441736581055413	0	0	-0.105771065047471	-0.0183921913554636	0.00220470442317449	0.298465697592509	0.453021242306794	0.0318109348839247	0	0	-0.00995811965337049	-0.0148199434506344	0	0	-0.355513609051206	-0.0993486117627428	0
path:hsa04622	RIG-I-like receptor signaling pathway	0	-0.0446726297179628	-3.2789534318117e-05	0	0	0	0	0	0	-0.104872764380858	0.204746835958156	-0.00343918042850477	0.223849273194382	-0.002556936295731	0.0932746931226343	0.13883149690313	0	0.00243775250164336	-0.00881685902690896	0	0	0.00015496524151744	-0.315397538738319	0
path:hsa04623	Cytosolic DNA-sensing pathway	0	-0.0504459910446435	-0.000186217280307247	0	0	0	0	0	0	-0.104897532815997	0.220336813792832	0.0014385831386665	0.111924636597191	0.0256273433721791	0.070977083380709	0	0	-0.096428457571905	-0.00687730505864433	0	0	0.130313667054169	-0.353174419671036	0
path:hsa04625	C-type lectin receptor signaling pathway	0	-0.0984249296929642	-0.322472206240936	0	0.643566660433848	0	0	0	0	-0.105661556174782	-0.0568468318863318	0.236342974257121	0	-0.0719688544261255	0.0561077718076181	-0.555325987612519	0	0.00243775250164336	-0.0134467108879685	0	0	0.000155002040616516	-0.330931411314767	0
path:hsa04630	JAK-STAT signaling pathway	0	0.472943096435877	-0.355626234488024	0	0	0	0	0	0	-0.108891133063725	0.531977750773657	0.295711324526901	0	0.115405767829944	0.0827548566034378	0.222130395045007	0	0.00243775250164336	-2.20064663452765	0	0	0.000112523213797357	-0.450614150453501	0
path:hsa04650	Natural killer cell mediated cytotoxicity	0	0.267830838250991	-0.0413871681780848	-0.0134975066433598	0	0	0	-0.0337437666083995	0	-0.420945009824314	0.125216210617772	0.0236998563346298	0	0.184910013934801	0.0652216969999133	0.00555325987612518	0	0.00243775250164336	-0.250513407659879	0	0	-5.12823335274025e-06	-0.224766938279916	0
path:hsa04657	IL-17 signaling pathway	0	0.250249629704201	-0.649363840931782	0	0.643566660433848	0	-0.441736581055413	0	0	-0.105817809119039	0.324237338701885	0.0336916019163967	0.111924636597191	-0.00813247794058885	0.0401063707259238	0	0	0.00153545904236844	-0.0385270041144067	0	0	-0.0215153391369587	-0.157782529654735	0
path:hsa04658	Th1 and Th2 cell differentiation	0	0.251686760573243	0.0013053035407275	0	0	0	0	0	0	-0.103340161141691	0.174196552601334	0.247712499623496	0.111924636597191	-0.00679681653143129	0.0515448101007917	0.194364095664381	0	0.00243775250164336	-0.0143908345400382	0	0	-0.00283622676239028	-0.433837700674529	0
path:hsa04659	Th17 cell differentiation	0	0.0179361772203669	-0.335615710921319	0	0	0	0	0	0	-0.00236368073291999	0.168711442928602	0.245248909646808	0.111924636597191	-0.00666975889451379	-0.0388801376220447	0.0555325987612519	0	0.00731325750493009	-0.0183336076831689	0	0	-1.46578059996996e-05	-0.449153725874706	0
path:hsa04660	T cell receptor signaling pathway	0	-0.0478468313532004	0.000735250748956896	0	0	0	0	0	0	-0.276596976341974	0.130671424888286	0.236850321340705	0.111938857041481	-0.0116820496731272	0.07054362396308	0	0	0.00226362732295455	-0.014230269349735	0	0	-0.00956318495038552	-0.380027656934756	0
path:hsa04662	B cell receptor signaling pathway	0	-0.048277713643076	0.000960929796549581	0	0	0	0	0	0	-0.26238394115726	-0.0386633296553767	0.212317925605246	0.111924636597191	-0.0095511002658662	0.0512605690579008	0	0	0.00243775250164336	-0.0118159260399216	0	0	0.000155165189308203	-0.329446662292435	0
path:hsa04664	Fc epsilon RI signaling pathway	0	0.30439832143221	-0.0925420667803325	0	1.62902810922318	0	0	0	0	-0.15616406539862	-0.0184404123070342	-0.00436471643759197	0.132363178826597	-0.0070226462885372	-0.0785710154010524	0	0	0.00204693821169737	-0.00641885112020803	0	0	-0.0096411900774395	-0.0845660367414819	0
path:hsa04666	Fc gamma R-mediated phagocytosis	0	0.304697451136396	-0.0918307217558875	-0.00211265321374327	1.62902810922318	0	-0.00576178149202713	0	0	-0.210706306892942	-0.0684114766183142	0.000306872626894038	8.76602730241075e-05	-0.00230131337805797	0.0534691379999328	0	0	0.00549024259065767	-0.00553370827120835	0	0	6.52977171800827e-07	-0.115000211682099	0
path:hsa04668	TNF signaling pathway	0	-0.0503026715156687	0.00178290768953156	0	0	0	0	0	0	-0.339993546895979	-0.0817116206352109	0.00426463669491064	0.244200155150763	0.0150230141914638	-0.0524849098369895	0	0	-0.0933301671095833	-0.0127783988257567	0	0	-0.156673230830028	-0.479876145726887	0
path:hsa04670	Leukocyte transendothelial migration	0	0.0808990546348059	0.000650465584599964	-0.401526053076662	0	0	-0.688673399274465	0	0	-0.498546144448182	-0.1847693504426	0.146102466637261	-1.22933400936248e-05	0.125555793162388	-0.0225247526693032	0	0	0.368712048618462	-0.00441257533856735	0	0	8.34177697440641e-05	-0.264963346890869	0
path:hsa04672	Intestinal immune network for IgA production	0	0.0335605317055984	-0.000191122514453103	-0.179019561796141	0	0	-0.0176694632422165	0	0	0.000570636267638478	-0.0807778591664424	0.00826712421238355	0.00589265388689995	0.138784817661079	0.0397054185168596	0	0	0.010174966963381	-0.00287072222228734	0	0	-2.45533135420851e-06	-0.0719673250251841	0
path:hsa04713	Circadian entrainment	0	-0.0330160207697048	7.04932562985389e-06	0	0.00610885540958692	0	0	0	0	-0.157540415974459	-0.0792975183024243	0.208789600165599	0.00528500941775096	-6.70760493368682e-06	0.020315556476654	0	0	0.0520421714258539	-0.00343316904426697	0	0	-5.20106952482819e-07	-0.254927387503219	0
path:hsa04714	Thermogenesis	0	0.000293436114525486	-0.324563155978064	0	0	0	0	0	0	-0.0663933125221575	-0.0710315422840983	0.00238135970121049	0.233927449391785	0.0315259904302342	0.0381357185943673	0	0	0.000451227613591438	-0.00541665463783894	0	0	-0.00964145329669869	-0.218102443312566	0
path:hsa04720	Long-term potentiation	0	-0.000373609586364759	-0.000651763035104665	0	0.00305442770479346	0	0	0	0	6.27743084341833e-05	-0.0731803632585468	0.222344667370785	0.00727201605470881	-0.00956032973111606	0.00923746924177642	0	0	0.0016819244052173	-0.00693123369876332	0	0	-2.98912801733456e-07	-0.0264484026332735	0
path:hsa04721	Synaptic vesicle cycle	0	-0.000235030342204674	-6.64973123029105e-10	0	0	0	0	0	0	1.15867012349876e-06	-0.0346680627452186	-6.46253577887734e-12	0	0	-0.00492458171803082	0	0	0	-0.000515414452448284	0	0	4.1169998217852e-10	-0.00797631342189365	0
path:hsa04722	Neurotrophin signaling pathway	0	-0.0608284488472437	-0.0742585001874116	-0.0134975066433598	0	0	0	-0.0337437666083995	0	-0.421597549289397	-0.00832470851816425	0.490718507695922	0.223849273194382	-0.0147736565645643	0.095294601263181	0.00555325987612518	0	-0.00022427323015119	-3.41656653218285	0	0	-0.0634630289164515	-0.176908732950438	0
path:hsa04723	Retrograde endocannabinoid signaling	0	-0.000222370754526297	-9.97064478584146e-06	0	0	0	0	0	0	-0.0014032582052155	-0.0407742406699213	-0.006250270439948	0.00896238631398559	-0.0024262591212186	0.021471205389253	0	0	0.0526833140640868	-0.00447852647036717	0	0	-5.09464091689582e-07	-0.081903045051619	0
path:hsa04724	Glutamatergic synapse	0	-0.000290792588249766	-0.0101308438625493	0	0.18100312324702	0	0	0	0	-0.00152065355745476	-0.0119851120636987	0.00041073101674269	0.0290852218497787	-2.66468884010127e-05	0.0592633421785174	0	0	0.285208579834127	-0.00154787336168867	0	0	-5.09465194147459e-07	-0.0612427608519723	0
path:hsa04725	Cholinergic synapse	0	-0.000145743605748421	-8.17667474794144e-06	0	0	0	0	0	0	-0.0470378569148698	-0.0649946090432306	0.197637628422503	0.00297482520078721	-0.00724842841342694	0.0262534631271458	0	0	0.0510055711595765	-0.00983918766815784	0	0	-5.33020433270816e-07	-0.276322950075531	0
path:hsa04726	Serotonergic synapse	0	-0.028074541974431	-0.33405437596538	0	5.98532077797083	0	0	0	0	-0.00134798105827965	-0.0753932389218849	0.0207959115589765	0.00374178538519255	0.000120512871958395	0.0249583251829113	0	0	0.0508746340180391	-0.00499867667945693	0	0	-5.12408496116561e-07	-0.0741842481090339	0
path:hsa04727	GABAergic synapse	0	-7.63000097560329e-05	-0.00317640917055193	0	0.0122177108191738	0	0	0	0	-0.00122303591224487	-0.00829160514647919	0.00545195659516818	0.00319247800228156	-6.49312507573549e-05	0.000157776138033045	0	0	0.0478721916895942	-0.000536314961461818	0	0	-8.46834329380083e-12	-0.0613524578240986	0
path:hsa04728	Dopaminergic synapse	0	-7.48139387453283e-05	-0.0076296470595389	0	0.00610885540958692	0	-0.441736581055413	0	0	-0.0839501794398372	-0.0618464677812674	0.228447113365267	0.00398994422628417	-0.00703393300037457	0.0294706880922317	0	0	0.0519527871674602	-0.00835638369514723	0	0	-3.52400324050996e-06	-0.284547986221868	0
path:hsa04730	Long-term depression	0	-0.00105581293481388	-0.10035470910986	0	1.62902810922318	0	0	0	0	-0.00170554027761037	-0.0675424602513373	0.00894722545058791	0.00315576982886816	-0.00217081648817889	0.0290830358250699	0	0	0.0025352626017091	-0.00543467569443227	0	0	7.84848745627244e-05	-0.150288948941904	0
path:hsa04740	Olfactory transduction	0	5.79343209559468e-08	3.27171866807298e-06	0	0	0	0	0	0	-0.000109759803336345	-0.00846204347356975	0.206500444213163	-2.95599861952343e-05	3.7516812851252e-08	1.65357481389425e-05	0	0	-0.00079011640222235	-0.000489265581767227	0	0	2.62206606899929e-09	-0.00956109683110721	0
path:hsa04742	Taste transduction	0	5.05693621834665e-08	1.16360675687917e-07	0	0	0	0	0	0	-0.000160251077613796	-0.00480005188741921	0.00249656703946201	0.00589077034722059	-7.4764219173421e-06	0.00837202035249752	0	0	0.234024240157763	-0.00050323621442191	0	0	2.98584935968694e-09	-0.00799219556352915	0
path:hsa04744	Phototransduction	0	-7.40290325907168e-05	1.30641586376206e-06	0	0	0	0	0	0	1.1388418300575e-05	-0.0278031630823787	0	0	0	0	0	0	0	1.5157578652584e-06	0	0	3.52589660195319e-24	5.80228122813197e-05	0
path:hsa04750	Inflammatory mediator regulation of TRP channels	0	-0.000885661522458982	-0.106246335241992	0	1.65769658877486	0	0	0	0	-0.000127505158320473	-0.0897683069314942	0.349300430374693	0.122102995963765	-0.00190585572615329	0.0422651542916749	0	0	0.000857519697198665	-0.0054488871870631	0	0	2.11385983124234e-06	-0.0899935112907978	0
path:hsa04810	Regulation of actin cytoskeleton	0	0.864890556555959	-0.364246233714165	-0.43128534962682	0	0	-1.01720760252956	0	0	-0.874411565326956	0.127973006164061	0.534400898850604	0.12424003288002	0.124723891210806	0.143206118879338	0.13883149690313	0	0.563076209417784	-0.0081649855196244	0	0	0.000248568872248232	-0.315166110505255	0
path:hsa04910	Insulin signaling pathway	0	-8.05434419636834e-05	-0.382480141970931	-0.0134975066433598	0	0	0	-0.0337437666083995	0	-0.0657821642569666	-0.099580307696833	0.0460896420274821	0	0.0958640790777462	0.0618481296630123	0.00555325987612518	0	0.00213505079665556	-0.497160191265116	0	0	-0.00955556492906734	-0.264853733108447	0
path:hsa04911	Insulin secretion	0	-7.83590134973257e-05	2.37093409718955e-05	0	0.0122177108191738	0	0	0	0	-0.0803547397259818	-0.0394176104032776	0.209353709163243	0.000120862035516544	-0.00702981163358036	-0.0184324165866329	0	0	-0.00227585977278359	-0.0049111786179389	0	0	-1.03386558261593e-08	-0.130572111896743	0
path:hsa04912	GnRH signaling pathway	0	-0.0511439548728554	-0.00913765685198101	0	0.18100312324702	0	0	-1.61970079720318	0	-0.00164473691293538	-0.250430154275801	0.196100032874612	0.132266388060619	-0.00954082251575039	-0.085759800385267	0	0	0.000872997490859893	-0.0132522846102236	0	0	-3.38745807656491e-06	-0.323344076379462	0
path:hsa04913	Ovarian steroidogenesis	0	-0.000253687900083147	-0.0177551671488446	0	0.18100312324702	0	0	0	0	-0.00607311335500685	-0.0127861934589358	0.00247902181907457	-9.13049295369465e-06	-0.0718255345648377	0.0267195574870701	0	0	0.000857519697198665	-0.00297436868779635	0	0	8.14155907936682e-05	-0.124933034157123	0
path:hsa04914	Progesterone-mediated oocyte maturation	0	0.304165073107066	5.1054075142572e-05	0	0	0	0	0	0	-0.0019495454601314	-0.0388756568817887	-0.0235036887762533	-9.67907659778103e-05	-0.00241555061269325	-0.0992168477060471	0	0	0.000857519697198665	-0.257245864604059	0	0	8.15963119377931e-05	-0.40221549840591	0
path:hsa04915	Estrogen signaling pathway	0	-0.0507877614117942	-0.0395787113515909	-0.0134975066433598	0	0	0	-1.65344456381158	0	-0.0799933985091456	-0.253204573663367	0.0195317899013167	0.0029937805565992	-0.0112159071028978	-0.017105876914199	0.00555325987612518	0	0.00322786890386571	-0.258198005457017	0	0	7.80328361599463e-05	-0.405189302116721	0
path:hsa04916	Melanogenesis	0	-0.0254413688948398	-0.000717601163594438	0	0	-0.337437666083995	0	0	0	-0.538436670321266	0.163323296404816	0.194244750578599	0.0166919047236009	-0.00226370897855555	0.0389492485104219	0	0	-0.111279095378396	-0.00756940521345921	0	0	-0.405046948683303	-0.4190408424245	0
path:hsa04917	Prolactin signaling pathway	0	-0.0755634779447628	-0.0566533265829602	-0.0134975066433598	0	0	0	-0.0337437666083995	0	-0.110227094739592	-0.0611096057503642	0.0219391582000665	0	0.119446322584893	0.102902659983809	0.00555325987612518	0	0.00243775250164336	-0.258697154393146	0	0	0.000154693931570761	-0.435767541115334	0
path:hsa04918	Thyroid hormone synthesis	0	-0.0526383621948463	-1.00011710926827e-05	0	0	0	0	0	0	-0.0804596760154887	-0.122037101047131	0.194920417015582	-9.67907659778103e-05	-0.00714452988344865	-0.0154528315841634	0	0	0.000857519697198665	-0.00545682855903819	0	0	-5.20306685860867e-07	-0.130367705590476	0
path:hsa04919	Thyroid hormone signaling pathway	0	-0.0604509005672867	-0.323972583844335	-0.00704217737914426	0	0	-0.0415252602969253	-1.61970079720318	0	-0.108140229573694	-0.303244216900717	0.239585238851857	0	0.188636456764276	0.113186853159617	-0.694157484515648	0	-0.0487938785388133	-0.0199300869025175	0	0	0.0857141784668841	-0.477120036621294	0
path:hsa04920	Adipocytokine signaling pathway	0	-0.0754640324073613	-0.32120243305809	0	0	0	0	0	0	-0.117509213674462	-0.0319394849180229	0.00239027191380652	0.111924636597191	0.135464005009744	0.0755818498047988	0	0	0.00122292976985747	-0.00906537785089973	0	0	-0.028765257916108	-0.369036448627606	0
path:hsa04921	Oxytocin signaling pathway	0	-0.0263995566243472	-0.411216144254991	-0.157397237266328	2.2848124804762	0	-0.429265192544532	0	0	-0.210628873890248	-0.211662636273931	0.489759867547559	0.000348882124899663	-0.00689640243512641	0.027720805853285	0	0	0.227432812146397	-2.44181557817372	0	0	8.12862540429475e-05	-0.385747126731767	0
path:hsa04922	Glucagon signaling pathway	0	-7.27538752498893e-05	0.000848426406244313	0	0	0	0	0	0	-0.0756627392873142	-0.06760721240855	0.2112279213225	-4.83953829889051e-05	0.000378060663973937	0.0137281979825351	0	0	0.000437374583886131	-0.00542033072027123	0	0	-0.0288449743351399	-0.200043740732662	0
path:hsa04923	Regulation of lipolysis in adipocytes	0	-0.000600947129656546	-0.081707452977143	0	1.48422561062557	0	0	0	0	-0.00234267852378317	0.0261030556443832	-0.00163272225527452	-9.67907659778103e-05	-0.0811742409575189	0.0446550884816919	0	0	0.000857519697198665	-0.00198460855877793	0	0	8.14842176429461e-05	-0.18049283115711	0
path:hsa04924	Renin secretion	0	-0.0282371152032647	0.000103930091487763	0	-0.00203618356216189	0	0	0	0	0.000711119430806561	-0.0199765868245368	0.00200890172730582	0.00315576982886817	0.00287085701123653	0.0178441599827562	0	0	0.00243775250164336	-0.00302511483235113	0	0	-5.22982992426997e-07	-0.183965061600169	0
path:hsa04925	Aldosterone synthesis and secretion	0	-0.0280551225805305	-6.61767634334818e-06	0	9.48027426121273e-08	0	0	0	0	-0.0804517412475354	-0.0952627107930584	0.204263733847692	0.00284859440763247	-0.00461838932561527	-0.00160559114125138	0	0	0.000857519697198665	-0.00541242403593405	0	0	-5.19967026440759e-07	-0.148282713183424	0
path:hsa04926	Relaxin signaling pathway	0	0.255902218822344	-0.363554645468598	-0.0134975066433598	0.000234558537614603	0	0	-0.0337437666083995	0	-0.232159053850298	-0.28602716516753	0.219502851842638	0.0144421563691046	-0.00878426243264142	-0.0329928728113778	0.00555325987612518	0	0.0534588014548811	-0.257893703839422	0	0	0.000157300177466865	-0.438625131945336	0
path:hsa04927	Cortisol synthesis and secretion	0	-0.0776682820664975	-8.87386365648819e-06	0	9.48027426121273e-08	0	0	0	0	-0.0834890144742835	-0.197862002286757	-0.0102173688541524	0.00346544590780744	-0.00714984016514161	0.0101633549149631	0	0	0.000898148905559388	-0.00595027573911148	0	0	7.82663279392788e-05	-0.169527150856557	0
path:hsa04928	Parathyroid hormone synthesis, secretion and action	0	-0.0530732480536923	-0.322977466756042	0	0	0	0	-3.23940159440636	0	-0.42621197394116	-0.268021010498396	-0.0129741616310495	-9.67907659778103e-05	-0.00725952437293918	0.0528120770271339	0	0	0.000857519697198665	-2.43988982760379	0	0	8.71307007660988e-05	-0.392069887872955	0
path:hsa04935	Growth hormone synthesis, secretion and action	0	-0.0747433697347689	-0.388665048685669	-0.0134975066433598	0.0122177108191738	0	0	-0.0337437666083995	0	-0.0831363415254466	-0.226702042968912	0.0295246506270701	0.132396380589089	0.102502987016818	-0.0552768665487958	0.00555325987612518	0	-0.00226038197912237	-0.256230128073353	0	0	7.50083336141099e-05	-0.325519146416464	0
path:hsa04960	Aldosterone-regulated sodium reabsorption	0	-0.000179895236213693	-0.0175776224218519	0	0	0	0	0	0	-0.0030354838902593	0.00112243927887199	0.00936278496927431	0	-0.0744798975985832	0.0314463579599198	0	0	-0.000427837875919732	-0.0039587057924015	0	0	-0.0100709325671825	-0.118758250625228	0
path:hsa04961	Endocrine and other factor-regulated calcium reabsorption	0	0.000800552453396717	-2.56116829323758e-09	0	0	0	0	0	0	-0.0783354340021038	-0.0682088155251113	0.210674629546596	0	0	0.057850271156575	0	0	0.00243775250164336	-0.00887759595751057	0	0	1.45962244856258e-06	-0.233351693031789	0
path:hsa04962	Vasopressin-regulated water reabsorption	0	-7.21200557301899e-05	1.4115565461931e-06	0	0	0	0	0	0	-0.0478589529066305	-0.0193309638759919	-0.00457108940755134	0.00289698979062138	-3.67678872002494e-06	0.00397687692184095	0	0	0.00164763609942101	-0.00195647001521024	0	0	-1.03204663846172e-08	-0.138554662860608	0
path:hsa04964	Proximal tubule bicarbonate reclamation	0	-1.70776315063483e-07	7.56574812762405e-08	0	0	0	0	0	0	-0.00352532098858798	-0.00254939629501155	0.00530113441175018	0	0	2.97549519618014e-06	0	0	0	-0.000489266822530004	0	0	5.94154830070742e-17	-4.00671986553049e-05	0
path:hsa04966	Collecting duct acid secretion	0	0	0	0	0	0	0	0	0	0	1.32356761371109e-08	0	0	0	0	0	0	0	0	0	0	0	0	0
path:hsa04970	Salivary secretion	0	-0.000218883684173649	0.00010381069800295	0	-0.00203628513652897	0	0	0	0	-9.22356257408801e-05	-0.0449746820721391	-0.01218383738396	-9.67907659778103e-05	0.000230111823458387	0.000536156320261339	0	0	0.000857519697198665	-0.00201350448853861	0	0	-5.06102892212096e-07	-0.0252212291099657	0
path:hsa04971	Gastric acid secretion	0	-0.000144837061091251	-0.00142884520132491	-0.00234739245971475	0	0	-0.0064019794355857	0	0	-0.159148612568248	-0.0186727348281439	0.262402811980459	-0.000100582884455298	1.27657341489452e-07	0.0148151330377773	0	0	0.00418418620668373	-0.00154822950345226	0	0	-7.35438306491284e-05	-0.0775239956057691	0
path:hsa04972	Pancreatic secretion	0	-0.000290283559738349	0.000102444521976026	0	-0.00203628513652897	0	0	0	0	-0.000178669254059546	-0.0157870752683389	-0.0121874720481262	-9.67907659778103e-05	1.22844477292221e-07	0.0230049944006829	0	0	0.000857519697198665	-0.00102232707124297	0	0	7.82778478021193e-05	-0.00739082666904869	0
path:hsa04973	Carbohydrate digestion and absorption	0	0.000146077407823204	-1.28406594884962e-09	0	0	0	0	0	0	0.000740754639129235	0.0289622473678312	-0.000204133185860742	0	0	0.0315639820968971	0	0	0	-0.000980824519537554	0	0	-1.32622143695298e-08	-0.0699906035186566	0
path:hsa04974	Protein digestion and absorption	0	0	0	0	0	0	0	0	0	0	0	0	0	0	0	0	0	0	0	0	0	0	0	0
path:hsa04975	Fat digestion and absorption	0	-4.45063042073696e-07	7.76749670031359e-13	0	0	0	0	0	0	-2.67348005009278e-08	0.000484978427275385	0	0	0	0.00469462512053003	0	0	0	-3.22091685506702e-05	0	0	-2.65526258354985e-17	-1.8671704063276e-06	0
path:hsa04976	Bile secretion	0	0.000795386673038493	8.64512110069442e-09	0	0	0	0	0	0	-0.000301381412042964	-0.0367036099091319	-0.00702741704364197	-9.67907659778103e-05	1.22844477292221e-07	0.056669408727174	0	0	0.000857519697198665	1.47614938785882e-05	0	0	7.56957766780511e-05	0.0156395246033995	0
path:hsa04977	Vitamin digestion and absorption	0	-1.06984900048819e-07	4.96761609035162e-18	0	0	0	0	0	0	5.248717843849e-11	0.000930722040864547	0	0	0	6.64054123587838e-05	0	0	0	-4.11939301988912e-08	0	0	-9.80260945431218e-16	7.54433808861974e-08	0
path:hsa04978	Mineral absorption	0	0.000366595517648982	3.53072266759924e-10	0	0	0	0	0	0	-0.0025119436669849	-0.0193283104116961	0.206007780460871	0	0.0024148842793015	0.039508352512649	0	0	0	-7.69750157075931e-06	0	0	4.67580097765001e-08	0.00793214887646172	0
path:hsa04979	Cholesterol metabolism	0	-7.47147897268548e-05	1.16475917486659e-07	0	0	0	0	0	0	-0.00279615800812178	-0.0135095067934432	0.0183914264696149	0	-7.89177869052777e-07	-0.238263332899494	0	0	-0.000406292083607227	-0.00149611018154604	0	0	-0.00964107617398922	0.214327743228468	0
