X..Pathway.Id	Pathway.Name	hsa-let-7a-5p(+)	hsa-let-7b-5p(+)	hsa-let-7c-5p(+)	hsa-let-7d-5p(+)	hsa-let-7e-5p(+)	hsa-miR-1-3p(-)	hsa-miR-1228-5p(+)	hsa-miR-199a-5p(+)	hsa-miR-200a-3p(-)	hsa-miR-206(-)	hsa-miR-3168(+)	hsa-miR-335-3p(+)	hsa-miR-340-3p(+)	hsa-miR-378a-3p(-)	hsa-miR-432-5p(+)	hsa-miR-4433b-3p(+)	hsa-miR-4433b-5p(+)	hsa-miR-486-3p(+)	hsa-miR-582-3p(-)	hsa-miR-654-3p(+)
path:hsa00010	Glycolysis / Gluconeogenesis	0.00831893316519555	0.0141675534759139	0.00358255989884812	-7.33810427217876e-07	-6.77363471278039e-07	2.11618824901093e-05	-0.000108560880492572	-0.131659073423344	-0.0103609451500226	-0.000124379487942329	0	0	-0.51014660781173	0.0392310100444271	0	0	0	-0.00552506287333738	-8.99985933826637e-13	0
path:hsa00020	Citrate cycle (TCA cycle)	-0.000161187365406637	-7.13887879475846e-06	0.00500683628066396	0	0	0.0120989467773317	-0.00777200179998406	-0.0104360844345739	8.11147733477344e-06	-0.0023218826901664	0	0	-0.241341504868909	-0.00789891775559317	0	0	0	0.000701293741698596	-7.76745954382539e-09	0
path:hsa00030	Pentose phosphate pathway	0.00364046414309723	-0.179909572021154	3.8135005777883e-07	-7.97192929183068e-09	-7.35870396168985e-09	0.183226547183883	-7.76571911406897e-07	-0.0437046143083048	-7.46821956844011e-11	0.926718207103694	0	0	-0.00316661347646556	0.00565443610875339	0	0	0	-0.00306679031619963	-1.60217580617038e-14	0
path:hsa00040	Pentose and glucuronate interconversions	0.00852787728318323	0.00709628626088843	0.00364096245079022	-9.67684482048033e-07	-8.93247214198184e-07	0.00485086416649118	-0.000122533549460557	-0.001337999605731	1.47006604185828e-09	0.1744895709798	0	0	0.000414693554779159	0.0151851348900964	0	0	0	-0.00207782876499964	-1.22967252439723e-11	0
path:hsa00051	Fructose and mannose metabolism	0.00848650504676047	0.0142040339736957	0.00363067053888927	-8.38684870326864e-07	-7.7417064953249e-07	1.10527128142011e-05	-0.000101556641812339	-0.0990888781696478	2.72887157996607e-10	-3.65303087403908e-05	0	0	-0.0985231126392915	0.00521098718419179	0	0	0	-0.000485668115177112	-8.9224209958139e-13	0
path:hsa00052	Galactose metabolism	0.00838490235215648	0.014246757688118	0.00363677213994113	-0.000288390859586076	-0.000266206947310223	1.10810058574275e-05	-0.000119333718817135	-0.112171162781776	7.32440192168822e-06	-4.65198790056632e-05	0	0	-0.200242540280445	0.0176010711773075	0	0	0	-0.00518440231097967	-8.97113388818758e-13	0
path:hsa00053	Ascorbate and aldarate metabolism	1.80226974553093e-05	5.39595054508413e-06	0	0	0	9.54508088481796e-06	-3.17735891188363e-08	2.05667755558109e-05	1.33922925922058e-09	1.16481332752809e-05	0	0	2.11340470185663e-05	0.0152887593775741	0	0	0	-0.0019122138760092	-1.2296226906407e-11	0
path:hsa00061	Fatty acid biosynthesis	0.0020309850892436	-8.95520708389598e-06	-0.00357902484430128	0	0	-0.00773240256618483	-8.53727653927713e-06	-0.00451670991575529	-4.97048668170624e-10	0.000983767412537529	0	0	-0.205658339338987	0.00721502481192568	0	0	0	-2.39388332916158	2.46666825017991e-06	0
path:hsa00062	Fatty acid elongation	4.88387886912017e-07	-1.55441043345823e-08	0	0	0	-6.39495463678289e-08	-0.000111317449161928	4.28447526452991e-07	3.54190814758673e-08	1.09572659029447e-05	0	0	-0.00146667503884716	0.00487142789467052	0	0	0	-0.0186898636862591	0.00231205307720924	0
path:hsa00071	Fatty acid degradation	-0.00414564094374485	3.43477050323887e-07	0	0	0	-1.62262035821151e-06	-0.000534088368048852	-0.00473528541012587	1.64340688087582e-05	0.00111743432692271	0	0	-0.302742628497858	-0.00170420387353737	0	0	0	-0.000426329295877677	0.0590118488442605	0
path:hsa00100	Steroid biosynthesis	-1.52460752028845e-08	1.14881719798899e-05	1.47768881562053e-13	0	0	9.86691077765428e-06	-3.53476158508804e-09	0.000434550188836146	-7.9873588272054e-10	5.12474905696652e-12	0	0	-0.103163715559472	0.0137459308383884	0	0	0	0.00130213831637563	-3.83808707130938e-15	0
path:hsa00120	Primary bile acid biosynthesis	0.00198784094244857	-2.02333089144859e-06	0	0	0	1.77937285223868e-08	-1.12011191275309e-11	0.00050932017578311	-4.79594833663428e-10	3.85351234767246e-06	0	0	-0.0993202688840806	0.0116301092690797	0	0	0	0.00190243165991663	-9.00718206537478e-18	0
path:hsa00130	Ubiquinone and other terpenoid-quinone biosynthesis	0	0	0	0	0	0	-0.253078249562997	0	0	0	0	0	0	3.53968825059128e-12	0	0	0	-1.20664693132287e-09	0	0
path:hsa00140	Steroid hormone biosynthesis	0.00396557164163123	0.012002786246443	1.74331458563469e-06	0	0	9.67409247577721e-06	-1.38453449194233e-06	-0.144187532635137	-0.0100951391022662	0.00111482727789169	0	0	-0.103870771177913	0.585765066218452	0	0	0	-0.0391676116685766	5.91843628943056e-09	0
path:hsa00190	Oxidative phosphorylation	4.08462425240598e-06	-7.0099082377406e-06	0	0	0	0.107261110072308	-5.37363359921567e-17	1.75771531014534e-06	-1.00214058334601e-12	0	0	0	-0.229655366509748	0.00370259784404749	0	0	0	-6.42926124426283e-05	1.3746081243568e-24	0
path:hsa00220	Arginine biosynthesis	-0.190607191467498	-2.04761655845942e-06	-2.03641461360902e-15	0	0	-1.78126512031421e-09	-0.410608928911376	5.44083956326034e-05	-2.29933514819341e-08	-3.08522273139473e-06	0	0	-0.394727905014037	0.0304946635930066	0	0	0	-0.00984405251993509	1.6481329188735e-16	0
path:hsa00230	Purine metabolism	-0.0476330406423433	0.00714769196205134	4.30475316007447e-06	0.00364563986872106	-4.28973520442523e-11	-0.00376847894023107	5.14021299977514e-07	-0.103131678866273	-3.57081563479555e-05	-0.00112960559432959	0	0	-0.305511818702292	0.0155713668128443	0	0	0	-0.274750930484882	-3.11747392311687e-09	0
path:hsa00232	Caffeine metabolism	-1.31447793619007e-15	-3.06441909549233e-21	0	0	0	0	-6.39454326451047e-08	-6.59314006779109e-13	2.29759394554585e-15	0	0	0	3.55316622725544e-16	4.94660929888736e-05	0	0	0	-0.000178797426387201	-2.18129425591997e-17	0
path:hsa00240	Pyrimidine metabolism	0.00202230060578571	-0.0119590795824546	0	0	0	1.38716926496286e-08	-3.86973875282572e-09	8.91166186667353e-05	-2.18410458134802e-11	7.87262834269507e-06	0	0	-0.104008836775869	-0.000418026407406114	0	0	0	-0.0129069447344302	1.7555485690704e-16	0
path:hsa00250	Alanine, aspartate and glutamate metabolism	0.0019690409712516	-8.36251021760405e-07	0.000471332172429087	0	0	0.000640329053551717	-0.414325294051198	-0.000474570922157004	4.03986422411151e-08	-1.63422833273425e-06	0	0	-0.111761221127912	0.0177325878595559	0	0	0	-0.0128308704994992	-4.11071229160729e-10	0
path:hsa00260	Glycine, serine and threonine metabolism	-4.0908401121856e-06	1.11999138061529e-05	-1.94634242877632e-15	0	0	9.6013157020424e-06	-6.35543505815915e-14	2.24719501003369e-05	6.50412857713344e-11	-0.00110209593912801	0	0	0.000343170824330451	0.000117809627836399	0	0	0	7.90989120286566e-05	2.40401352124539e-19	0
path:hsa00270	Cysteine and methionine metabolism	0.0106989779510038	0.00722363692330877	-0.00170256444140492	0	-1.533070165622e-08	0.00648493950364913	-0.497973078854189	-0.0515532445022411	-0.0208496240442413	0.0131047643328802	0	0	-1.19813763676164	0.0991994303131129	0	0	0	0.00133283816682126	2.27443330032341e-06	0
path:hsa00280	Valine, leucine and isoleucine degradation	9.42738151656329e-06	-1.91278177108714e-06	4.11749585369843e-06	0	0	5.6189638047961e-06	-0.007596398352267	-7.86149536036209e-06	3.50769985633043e-08	0.00112621129665096	0	0	-0.101461069571581	-5.30003945089714e-05	0	0	0	-0.00352218361796436	0.000158549564613846	0
path:hsa00290	Valine, leucine and isoleucine biosynthesis	0	0	0	0	0	0	0	0	0	0	0	0	0	1.58103674753022e-17	0	0	0	-5.80580923025919e-08	0	0
path:hsa00310	Lysine degradation	0.0048384764056604	0.0018523002933125	0.00716119370803235	0	0	-0.0164805150967177	-0.000443265889275292	-0.129043156635182	-0.060606349977554	0.0010476915272343	0	0	-9.51971317822487	0.0537449264498205	0	0	0	0.000262177060995403	0.000454267228588286	0
path:hsa00330	Arginine and proline metabolism	-0.337287331917985	2.30929867736744e-05	0.00072687289786566	-0.539900265734392	0	-8.0444905009998e-05	-0.471703790607639	6.37049275721009e-05	-4.40420393836796e-05	-0.00222502738253506	0	0	-0.300241410175178	0.0218332499576723	0	0	0	-0.00213554546400243	2.19855817027927e-09	0
path:hsa00340	Histidine metabolism	0.00836585115782693	0.00697108331108219	0.00358076815888691	0	0	-1.60215091298002e-08	3.49934700753512e-12	4.38449924648955e-05	1.49399463606487e-10	-0.0010954326592189	0	0	0.001115133935348	-0.00284060260292715	0	0	0	0.000264344673949297	3.65398376618221e-18	0
path:hsa00350	Tyrosine metabolism	0.00836394181809702	0.00696421643378207	0.00358076815888691	0	0	-1.59938934291455e-08	-6.86832226362217	5.32959401825002e-05	-2.28376895357822e-08	-0.0010954326592189	0	0	-0.0925786940764922	-0.00578317052635289	0	0	0	-0.00760986648995806	3.65397575701675e-18	0
path:hsa00360	Phenylalanine metabolism	0.00835992583915794	0.00697108331111284	0.00358076815888691	0	0	-1.60215091298002e-08	-7.96403133792917	5.08246066323179e-05	-2.28367080079501e-08	-0.0010954326592189	0	0	-0.0928904486927286	-0.00583471665202178	0	0	0	0.000154359686638047	3.65398015556883e-18	0
path:hsa00380	Tryptophan metabolism	0.0103020395830311	0.0189801443968329	0.00358453496361658	0	0	0.00565663370309004	-0.000550330340182679	-0.00953642010126635	-0.0100947581853065	-0.00015413009863698	0	0	-0.30537242811671	-0.00131401333587773	0	0	0	-0.00354402038587607	0.000454260486573488	0
path:hsa00400	Phenylalanine, tyrosine and tryptophan biosynthesis	0	0	0	0	0	0	-1.63707509885776	0	0	0	0	0	0	2.2596596121822e-08	0	0	0	-1.75264398261841e-05	0	0
path:hsa00410	beta-Alanine metabolism	-0.180183814753369	-0.00498776046657592	0.0035848856547406	-0.539900265734392	0	6.21004294326326e-06	-0.0109191227219406	0.000134800583029969	5.35674039580729e-10	-0.00112575892289295	0	0	-0.101937189107531	-0.000170158900775034	0	0	0	-3.13267987293315e-05	0.0102164170194584	0
path:hsa00430	Taurine and hypotaurine metabolism	-1.74560566940679e-06	-1.1632485970187e-06	-2.6039221215254e-06	0	-2.42129269282925e-06	-1.49500135426946e-09	-0.0472533163159467	-5.36629333569579e-07	1.31495688870544e-13	-2.3545002585263e-09	0	0	-1.2006944055395e-07	7.9059318070737e-07	0	0	0	-2.93911456660232e-06	-7.10455323270554e-17	0
path:hsa00440	Phosphonate and phosphinate metabolism	0	0	0	0	0	0	0	0	0	0	0	0	0	6.25099438157259e-06	0	0	0	-3.44180878542039e-05	0	0
path:hsa00450	Selenocompound metabolism	0.00255569747277443	-4.79676536843956e-06	-0.00461402763217395	0	0	-6.25152303157466e-08	-3.33984139749732e-14	0.000649120887580462	-7.99794277105748e-10	-0.00558443959155007	0	0	-0.000158591564765673	0.015030428709967	0	0	0	0.00237250314499658	6.61054799732334e-18	0
path:hsa00470	D-Amino acid metabolism	0.00198395043284277	-1.56173282490369e-24	0	0	0	0	-8.7874392229417e-05	8.36270841942879e-05	1.17093249038198e-18	0	0	0	-0.0978522739400259	0.0144650651356909	0	0	0	-8.79610944721881e-05	0	0
path:hsa00480	Glutathione metabolism	-0.045854840820137	-0.000271644290073726	-0.00449011171728271	-0.134975066689195	-0.000542693560262797	0.121411143227741	-2.32347517101979e-09	-0.0101783399882842	3.51966295078822e-07	0.423127241922534	0	0	-0.00381320697074931	0.0390108872006377	0	0	0	0.00183699531120664	-3.34661599990145e-09	0
path:hsa00500	Starch and sucrose metabolism	-1.36077668830471e-05	0.00717695183333379	-3.58044411057368e-15	-4.79862234036954e-09	-4.4294975449565e-09	1.10931886700357e-05	-4.00119793076652e-11	-0.11741673946523	7.32428444224831e-06	-2.71750719061387e-05	0	0	-0.200308191917498	0.0178372570281586	0	0	0	-0.00573536474104316	-8.98983124408743e-13	0
path:hsa00510	N-Glycan biosynthesis	-0.425342199568423	1.06242292666093e-05	0	-1.21269419621219	-1.11941002727279	1.26445749829554e-05	-3.6119338684345e-10	-0.00457328196029957	2.12596901246906e-10	1.51466615931806e-06	0	0	-0.206454637911873	0.0226741515698014	0	0	0	-0.000355035838787527	-1.41985514303178e-12	0
path:hsa00512	Mucin type O-glycan biosynthesis	0.00464415174700205	6.90511024869288e-06	-0.00447832093711002	-4.43923776569801e-06	-4.09775793756739e-06	1.10437011822907e-05	-1.17170173302745e-13	-0.0144716478141374	-6.37263412443016e-10	-0.00425363578143206	0	0	-0.20426443371507	0.902185507439114	0	0	0	0.00227252939574199	1.55823401459349e-16	0
path:hsa00513	Various types of N-glycan biosynthesis	-0.0384025288678315	1.0611787378502e-05	0	-0.109004922086538	-0.100619928079881	1.04532125766591e-05	-2.85915321116687e-13	-0.00474615320183215	6.62627664665629e-11	3.97928002317989e-06	0	0	-0.203577908502496	0.00612791301138176	0	0	0	3.42070234093239e-05	-2.48399952178969e-14	0
path:hsa00515	Mannose type O-glycan biosynthesis	0.00462686218394854	-1.22898631013389e-05	0	-0.000535970341507447	-0.000494741853699183	-1.01600217448251e-05	-1.95422134777959e-14	-0.00948579141909151	-5.58116452692959e-08	-1.18654429824565e-05	0	0	-0.00173303668205907	0.00287545294676209	0	0	0	1.51714879602281e-05	9.32662737827304e-16	0
path:hsa00520	Amino sugar and nucleotide sugar metabolism	-1.45017986495747e-05	0.00714947055640319	-3.34704225560969e-15	-2.27406847444611e-05	-2.09914013025795e-05	1.10546398132775e-05	-7.24393696956011e-07	-0.104974287932792	1.47281429392679e-10	-1.30415393074971e-05	0	0	-0.0970518804796982	0.00253675617764125	0	0	0	-0.0070669796560677	-9.73070642191591e-13	0
path:hsa00524	Neomycin, kanamycin and gentamicin biosynthesis	-7.15753266258583e-06	0.00714496433743915	-3.15800912387369e-15	-4.2324618580579e-09	-3.90688786897652e-09	1.10507436111664e-05	1.41651546550406e-14	-0.102780175580469	1.45717849421143e-10	-1.23966641799144e-05	0	0	-0.0969430773847721	0.00258242297483417	0	0	0	-0.00444120593787033	-8.93591366531941e-13	0
path:hsa00531	Glycosaminoglycan degradation	0.000252125398173802	0.000704294613612571	0.000110577104517164	-6.81663779770211e-06	-6.29228104403272e-06	0.0083678183382566	1.11763021100063e-13	-0.227785161198173	-6.54266022442857e-07	-0.000682428544856028	0	0	-0.0127991685332935	-0.000213485706373017	0	0	0	3.10974825414812e-05	-1.14629337316632e-11	0
path:hsa00532	Glycosaminoglycan biosynthesis - chondroitin sulfate / dermatan sulfate	-5.22332240978942e-13	-1.21770388789222e-18	0	0	0	0	-8.72753198418236e-12	-2.60997177306478e-10	9.12991661096314e-13	0	0	0	-4.24530016833547e-10	3.44207216090416e-06	0	0	0	-1.3266638395625e-06	-8.66777817687459e-15	0
path:hsa00534	Glycosaminoglycan biosynthesis - heparan sulfate / heparin	-5.21068316385581e-13	-1.21475732290812e-18	0	0	0	0	-8.70641335230646e-12	-2.60365623813672e-10	9.10782430029455e-13	0	0	0	-4.23502751260413e-10	3.43374313329497e-06	0	0	0	-1.32345361640874e-06	-8.64680413554981e-15	0
path:hsa00561	Glycerolipid metabolism	0.0088144389964007	0.00707911389962407	0.00362646051402409	0.000543155434302642	-1.01433769184689e-06	-0.000135134703089476	-0.000103281516480363	1.64414323961157e-05	-0.000435129665681996	-7.47865397402432e-05	0	0	-0.00465724617865062	0.0205299663493987	0	0	0	-0.00164167140177284	8.98480621982748e-08	0
path:hsa00562	Inositol phosphate metabolism	0.0321734279819086	0.00490212510426405	-0.00564385809995284	-2.1986814847054e-10	-2.02955213972807e-10	0.00869489228231013	1.45831788350293e-11	-0.00320926426131431	-0.0245505461617907	-0.0293607910625807	0	0	-1.22168377528068	0.123884752109254	0	0	0	-0.0710126557444494	7.41960215427198e-05	0
path:hsa00563	Glycosylphosphatidylinositol (GPI)-anchor biosynthesis	0.00851059803474214	0.00710086526392221	0.00364120306452214	0	0	9.67535403030388e-06	-1.80554743198695e-12	1.36017722022301e-05	1.88871956108239e-10	-4.46668226031478e-13	0	0	0.00013700290650131	0.00288246224521272	0	0	0	-0.00470602866494031	3.74065263783246e-18	0
path:hsa00564	Glycerophospholipid metabolism	-0.00263956654214775	-0.00697856211822	-0.0276359552990183	-0.000580550750615839	-0.029084542985598	0.00493297221390349	-1.72916694364624e-06	-0.00969095549538173	0.000465306929773967	0.204662040498377	0	0	-0.104524349415408	0.081560838065935	0	0	0	-0.313944489871821	-9.89540482834643e-08	0
path:hsa00565	Ether lipid metabolism	-0.0188388300559606	-0.0138738627772066	-0.0310745833083507	-0.000544336419510278	-0.0289093989256575	0.00497911255998733	-4.67745026121638e-07	-0.0105998358809343	0.000436373623681681	-0.0010505308114533	0	0	-0.0016676105291542	0.0505320239924886	0	0	0	-0.314593396755329	-9.29628958234988e-08	0
path:hsa00590	Arachidonic acid metabolism	-0.446789491902791	-0.318508642948814	-0.678712292351791	-0.000544254300135477	-0.678784589547055	-0.0046258227396665	-2.14813291636544e-06	-0.130927134147069	0.000435997867256158	-0.00166832186900704	0	0	-0.520234043135428	0.0854516890759257	0	0	0	-0.23519310678839	-8.95514579933162e-08	0
path:hsa00591	Linoleic acid metabolism	-0.0178982514603853	-0.00855248842506533	-0.0346329138953907	-0.000544254300135477	-0.0322059277783446	0.000122875568021944	-4.67720613012206e-07	-0.00703590347786393	0.000436046605665289	4.76606495744489e-05	0	0	-0.0989073849287675	0.0504105184207052	0	0	0	-0.232961857984438	-8.98463363301477e-08	0
path:hsa00592	alpha-Linolenic acid metabolism	-0.0209840438541775	-0.0138902900903547	-0.0310876581677429	-0.000544254300135477	-0.0289093231231577	0.000124750912846723	-1.19299826957556e-06	-0.00640960720938607	0.000436046433001832	5.17270524592865e-05	0	0	-0.0015792350014282	0.0477491821474	0	0	0	-0.232381138841271	0.0124359808867315	0
path:hsa00600	Sphingolipid metabolism	0.0107093488792262	0.00725700793701758	0.00371674669328183	-7.60486245788405e-06	-7.01987303804681e-06	0.000370049119089941	3.51322429512992e-12	-0.0313253417401839	0.000108525249481775	-1.26345098514705e-05	0	0	-0.0995942181917301	0.0312362444197528	0	0	0	-0.0340383606837649	-1.03079347104626e-06	0
path:hsa00601	Glycosphingolipid biosynthesis - lacto and neolacto series	0.00548147186549531	-3.6607928139574e-06	0	-0.00049323718094786	-0.000455295859336486	3.37497618089183e-08	-2.2231971555535e-13	-0.0145404124959206	-3.9638273596243e-08	6.97689883976231e-06	0	0	-0.106573459494466	0.00213263132551046	0	0	0	-0.00127900149472694	5.2411388591423e-17	0
path:hsa00603	Glycosphingolipid biosynthesis - globo and isoglobo series	0.00214225116262212	-3.1506844129315e-06	0	-1.60090808200267e-05	-1.477761306464e-05	2.36496992217117e-08	-1.46795534834832e-13	-0.000108107256783846	-3.51958076186824e-10	5.99100238164325e-06	0	0	-0.00334354681198222	0.0043123138708149	0	0	0	-0.00146609996209622	-3.02065506377246e-18	0
path:hsa00604	Glycosphingolipid biosynthesis - ganglio series	-1.84924864117195e-06	1.17455460304688e-05	0	-6.87728654658775e-06	-6.34826450454252e-06	9.72378330451585e-06	1.62231281934603e-16	-1.25616399996017e-06	5.06262307509239e-11	2.16379549757883e-09	0	0	-0.000306761427832767	0.00278420885238243	0	0	0	1.49073860585834e-05	-1.34088168765465e-18	0
path:hsa00620	Pyruvate metabolism	-3.47729567260779e-05	-3.1150490831837e-06	1.79173998526048e-06	0	0	1.44983347465712e-08	-0.00856833903975126	-0.00923961500493574	-0.0103682367725183	0.00109327506650713	0	0	-0.505997529511749	0.0247656775296695	0	0	0	-0.00024189968161925	8.21484595587429e-16	0
path:hsa00630	Glyoxylate and dicarboxylate metabolism	1.38140075721991e-06	1.16986807318761e-05	-6.265891118797e-17	0	0	9.56107531446809e-06	-0.00908340181784342	-3.05222321760751e-05	4.71608063243352e-11	0.0011249166033604	0	0	-0.205458119967744	0.00516441491509286	0	0	0	-0.00935874883142081	3.29097654937684e-22	0
path:hsa00640	Propanoate metabolism	-0.0020506881944914	-6.20275625616366e-06	0.000494195802959234	0	0	0.000668670079246196	-2.23513179850326e-06	-0.0102237155376974	-0.0103755186711618	-1.70877450396506e-05	0	0	-0.316359378503185	0.027409889529088	0	0	0	-0.000294216333965483	0.0102164165941912	0
path:hsa00650	Butanoate metabolism	-2.09810977497255e-06	-2.74124945046691e-06	0.000471332172429243	0	0	0.000640345869429055	-0.0111960265912643	-0.000574385460523223	4.04645563079866e-08	0.00112863543738289	0	0	-0.114727569282997	-0.000168965940016972	0	0	0	7.5982660141103e-05	0.000454263701029902	0
path:hsa00670	One carbon pool by folate	-0.00203753607900875	1.01968204304627e-05	5.92726959114679e-07	-9.5281152920268e-09	-8.79518334648627e-09	0.00524345268493889	-0.000132011066806979	-0.00475571076246654	3.53909985409545e-07	-2.42438333687116e-05	0	0	-0.101357167567311	0.0119672977255532	0	0	0	-0.000240922056899838	-3.36030304895820e-09	0
path:hsa00730	Thiamine metabolism	-0.230989465689116	0.007059859399208	0.00362609433811332	0	0	-6.85112178144491e-09	3.41349151670303e-12	-0.000121444418664705	9.27565219099239e-09	1.76764834950231e-11	0	0	-1.06398463670385e-05	0.00322171380447239	0	0	0	-0.00101274622498864	3.79355096265258e-18	0
path:hsa00740	Riboflavin metabolism	-0.14290845573779	7.89443415659196e-07	0	0	0	-7.82808091074958e-13	-1.43409878986879e-12	-0.000993314118612009	7.27468757807126e-08	1.34617283451894e-10	0	0	-0.00044595163174842	0.00596697948365224	0	0	0	-0.00538738593521053	-4.57948694163528e-11	0
path:hsa00750	Vitamin B6 metabolism	-2.02489941389609e-10	1.21534074303506e-09	-4.69941833909775e-17	0	0	1.03837522284826e-09	-3.06539923832406e-17	1.07196754215814e-09	-5.74226178591862e-14	-1.60804082607446e-07	0	0	-5.01346370330094e-08	3.89786903525125e-07	0	0	0	-0.00378264567801822	2.64365287399838e-23	0
path:hsa00760	Nicotinate and nicotinamide metabolism	0.00752579100260088	4.07869128147764e-05	-0.01073707453611	0	0	-0.0350713329655913	-3.21292904815568e-13	-0.00438164985207409	4.4542758576522e-08	-0.026784444939732	0	0	-0.489443860336062	0.00721430810337095	0	0	0	-0.000604253464926749	1.54537847835416e-06	0
path:hsa00770	Pantothenate and CoA biosynthesis	0.0020179331688766	-0.0119569792711301	0	0	0	-1.57167694146894e-09	-0.00732438028638933	9.07943849509247e-05	2.27480575030479e-10	1.71979709710646e-05	0	0	-0.102590074016051	-0.00607919315647318	0	0	0	-0.000373762519704734	8.22491450614555e-06	0
path:hsa00780	Biotin metabolism	2.72430576585823e-06	-6.94542001659663e-07	0	0	0	5.16296624711334e-09	-1.53679309051516e-06	2.494242104739e-06	1.30946163320148e-11	1.88938462827253e-06	0	0	-0.000772857925880381	0.000942801626405863	0	0	0	-0.047460800493742	3.51272390365254e-07	0
path:hsa00785	Lipoic acid metabolism	4.6864384409276e-08	-1.19477336684976e-08	0	0	0	8.88150292929071e-11	-2.64398872084744e-08	4.29067263862537e-08	2.25257765796607e-13	3.25046919960614e-08	0	0	-1.32952053320691e-05	1.62362149659232e-05	0	0	0	-0.0497754752837294	6.04270022806083e-09	0
path:hsa00790	Folate biosynthesis	-0.0351263628434119	0.00718591296886538	0.00369554799120489	-9.34315775988746e-07	-8.62445331681919e-07	0.00523389653291108	-0.00339872716380939	-0.00478251780551902	3.5557041605128e-07	-5.34618280369874e-06	0	0	-0.0016705935231807	0.0122582313537925	0	0	0	-0.00988430139929293	-3.3603032090964e-09	0
path:hsa00830	Retinol metabolism	0.0056634416132383	-0.299005918718475	0	0	0	2.09567856744856e-05	-1.11364215182182e-07	0.000159916273441854	1.52144766395636e-09	-0.00113171187202644	0	0	-0.0970573999770914	0.0197266232289592	0	0	0	-0.00599328358012574	-1.31742963467934e-11	0
path:hsa00860	Porphyrin metabolism	0.0062889780376145	0.00697060754784392	0.00358076815888541	0	0	1.0430095169517e-05	-3.25770243993722e-08	-0.0362214998778152	0.000126026425259327	-0.0010782431320711	0	0	-0.104233088114291	0.0333983663657287	0	0	0	-0.00213053370893491	-1.19644863652268e-06	0
path:hsa00900	Terpenoid backbone biosynthesis	3.12203694389615e-05	-0.0125542198905474	6.25910206798623e-09	0	0	9.91831331161758e-06	-0.000439957790532219	-2.4731645556762e-05	-3.62687897745841e-05	0.00112047949033291	0	0	-0.208193814994826	-0.00292131762051647	0	0	0	-5.87732375206087e-05	2.17764852925594e-19	0
path:hsa00910	Nitrogen metabolism	0	0	0	0	0	0	0	0	0	0	0	0	0	4.56434213411586e-06	0	0	0	-0.00831346959485937	0	0
path:hsa00920	Sulfur metabolism	0	0	0	0	0	0	0	0	0	0	0	0	0	0	0	0	0	-1.16128247983698e-12	0	0
path:hsa00970	Aminoacyl-tRNA biosynthesis	0.000128847584021088	-6.10528580239475e-06	-0.000133845217445414	0	0	-2.17563935253091e-07	-0.0231396986823995	-0.00496400312451545	-0.0107793962446419	-0.000160352323680441	0	0	-0.104976950008013	0.00146839286658419	0	0	0	-0.00954228659041774	1.76339364468462e-16	0
path:hsa00980	Metabolism of xenobiotics by cytochrome P450	0.0124273093517214	0.0258994752797565	0.00358425478805818	-2.80238685059612e-08	-2.58681863131949e-08	9.70176786724012e-06	-4.68503053560804e-06	-0.00438570224957207	-0.0100951387853108	0.00111491494650865	0	0	-0.197692317873576	0.0293688528896487	0	0	0	-0.0024567267587918	-1.25866011190153e-11	0
path:hsa00982	Drug metabolism - cytochrome P450	0.0124214365980645	0.0138962053890039	0.00358076815888691	0	0	9.54400829471659e-06	-0.00142286802816276	0.000282196619238413	1.6197755706775e-09	-0.00107984416000281	0	0	-0.0983264243905835	0.0285235107051331	0	0	0	-0.00592218090549164	-1.34799166484109e-11	0
path:hsa00983	Drug metabolism - other enzymes	0.00409306393426265	-0.0119169084175774	6.2134822029368e-09	0	0	1.9390865455806e-05	-1.03360968000733e-07	-0.00409984726030653	-3.6003099089767e-05	1.96963770841146e-05	0	0	-0.205343605491169	0.0389428820450671	0	0	0	-0.00174499030077681	-1.22227394293176e-11	0
path:hsa01040	Biosynthesis of unsaturated fatty acids	-0.0757885766979827	-0.0505117169576464	-0.113053999057692	0	-0.105124811356937	-7.0836994787959e-05	-1.87438853408078e-08	-0.0232985176327861	4.75698671314003e-09	-0.000102201570700247	0	0	-0.00528272088108852	0.00435189937156941	0	0	0	-0.0506517472380878	4.28944017432405e-09	0
path:hsa01100	Metabolic pathways	-1.45263857786032	-0.760970184587711	-0.681439427067248	-1.74956978703063	-1.79772551929684	0.157979933968482	-9.54441736709196	-0.803884674524075	-0.0357275310597784	0.895961327219929	0	0	-9.77750273000786	1.71808511511508	0	0	0	-3.20229498825821	0.0153809253687553	0
path:hsa01200	Carbon metabolism	0.00551264751605379	-0.172773532106388	0.00500791311700584	-1.22133262678269e-08	-1.12738396318403e-08	0.195260378455602	-0.414957636340795	-0.152831962613685	7.8160224692412e-07	0.926617079712753	0	0	-0.339892834590519	0.0111062920199603	0	0	0	-0.00603996451906528	0.0106674763477454	0
path:hsa01210	2-Oxocarboxylic acid metabolism	-1.88081637297813e-05	-1.93331801143167e-06	1.89896767363421e-06	0	0	0.00529948459035538	-0.406488596324474	-0.00469036787103606	3.58344988801368e-07	-0.00119975879911478	0	0	0.000274542579369363	0.000173145148370068	0	0	0	0.000294402483393057	-3.40241534047494e-09	0
path:hsa01212	Fatty acid metabolism	-0.002101937038949	-8.7880028842225e-06	-0.00357902484430128	0	0	-0.0077340553109778	-0.000529202736519783	-0.00459243036949442	1.64334747331279e-05	0.00209628805091626	0	0	-0.306054110865628	0.00751975580396485	0	0	0	-2.36102949984163	0.0598995252867209	0
path:hsa01230	Biosynthesis of amino acids	-0.130067527339346	-0.179944282034216	0.00523568562634213	-6.43551732100321e-09	-5.94047752707988e-09	0.00908851010733351	-0.422407679327573	-0.0102961597525656	-3.7116719666278e-05	0.376322028124853	0	0	-0.00566481048012738	0.0239200430931488	0	0	0	-0.00909484293166563	1.93628638667759e-08	0
path:hsa01232	Nucleotide metabolism	8.83268617950082e-06	4.01489261299771e-05	6.18142089126014e-09	0	0	2.01837960920351e-05	-2.29937172029949e-09	-0.00436329318143608	-3.58185617462027e-05	4.20429412456627e-06	0	0	-0.104196016164156	0.0204509791845856	0	0	0	-0.0143627981948572	1.45316198502927e-16	0
path:hsa01240	Biosynthesis of cofactors	-0.0612724123616069	0.00710485956834484	0.0088749063489167	-6.55758523039492e-08	-9.33830595219191e-08	0.00464089680034558	-0.253736107280642	-0.00413069045235554	-3.62147384665014e-05	0.0011322389200427	0	0	-0.20231856313081	0.0323594649696641	0	0	0	-0.12561238051235	3.45278254043329e-06	0
path:hsa01250	Biosynthesis of nucleotide sugars	-1.49213969888218e-05	0.00714947145387635	-3.34704225560969e-15	-2.23017510482848e-05	-2.05862317368783e-05	1.10546271327662e-05	-7.24393696915963e-07	-0.104970970824017	1.52747463135794e-10	-1.30432599116484e-05	0	0	-0.0970496054571808	0.0025356322332625	0	0	0	-0.00666110975033904	-9.73070560431134e-13	0
path:hsa03015	mRNA surveillance pathway	0.00589669330928958	-1.77174535083954e-05	-0.00358078891263198	0	0	0.107619475231565	-6.20369181359425e-10	-0.00852588143357746	-4.70598839353918e-08	-0.00669259421853331	0	0	-0.29804244357279	0.0430425305234472	0	0	0	0.00563170108732461	-2.23679783372236e-10	0
path:hsa03018	RNA degradation	-0.00317336078671782	-2.00654489457522e-07	0	0	0	1.9028951246646e-06	-6.42108940034419e-14	-0.00480989517062116	1.35891904398599e-10	0.000516719366255526	0	0	-0.0985070758113117	0.312920739533131	0	0	0	-0.000126978787470451	-1.21890496093224e-12	0
path:hsa03250	Viral life cycle - HIV-1	0.00611634231120517	-3.88610533115952e-06	0.000367823586675242	0	0	7.46829731198644e-09	2.60157880409164e-11	0.000728204809519717	-2.38578735215697e-08	-0.00443034988769175	0	0	-0.0955776823425556	0.0116775927339518	0	0	0	0.00514435415967497	2.03554891695892e-16	0
path:hsa03320	PPAR signaling pathway	0.0154600740129509	0.0155434888225493	0.00692837132272917	-2.96704649513837e-08	-0.000657057459102351	0.0903047742696363	-0.000315955097734964	-0.060300352326123	-0.0202007335935036	-0.0239297244531606	0	0	-0.997955877131192	0.0154237873855806	0	0	0	0.00446904885370459	0.252829762303125	0
path:hsa03440	Homologous recombination	0.014876911732454	9.97039275308974e-06	-9.37903247069693e-05	0	0	-0.000636056950024795	2.56281747917558e-11	0.00211325574872679	8.52144690376511e-08	-0.00980359516106991	0	0	-0.473759996600667	0.0518388679661715	0	0	0	0.00624817880608951	-8.34762636114774e-05	0
path:hsa03460	Fanconi anemia pathway	0.0358700318508788	0.00704732191796386	-0.0143827811633899	0	0	-0.00605986404568341	2.89771740975466e-11	-0.000772324658357169	-4.87334967889578e-07	-0.0281486509008354	0	0	-0.675018226739618	0.119411489171377	0	0	0	0.019385538551117	3.89702580291459e-09	0
path:hsa04010	MAPK signaling pathway	-0.298011871999181	0.00771771086877403	-0.213285274934286	-0.674502417184565	-0.0763237765232559	0.294050160692547	-0.000108306178066697	-0.701164774612541	0.657498390959576	0.0225148933596446	0	0	-4.02120130964071	1.13701256539905	0	0	0	-1.00599601260605	0.0225869433948001	0
path:hsa04012	ErbB signaling pathway	-0.0966956967719338	0.0196514779148653	0.00781037628785479	-0.0696653596312552	-0.253078249562997	-0.00340371551306594	-8.09010785970772e-08	-0.322252847610759	0.178102746466759	-0.0405137869593611	0	0	-3.89660381176225	1.0265143660526	0	0	0	-0.822007616983538	-0.000258299493030448	0
path:hsa04014	Ras signaling pathway	-0.179952554680321	-0.00118745994220537	-0.0259381316388588	-0.748168289202794	-0.0328028346548962	0.35962465670854	-1.74856504127035e-05	-0.239561984863886	0.329436443163339	0.049227098758833	0	0	-3.10647347489366	1.01480938678395	0	0	0	-0.985117717259585	-0.000284792553582954	0
path:hsa04015	Rap1 signaling pathway	0.00396129130446954	-0.0479330881498494	0.014980282723512	-0.283131453679049	0	0.040727408688988	5.5123777659694e-07	-0.178652342957925	0.260386487738358	0.0487250045775272	0	0	-3.02519461526495	0.731319417639814	0	0	0	-0.935843574027757	0.000656125196361273	0
path:hsa04020	Calcium signaling pathway	-0.0153276753747473	0.0198532190447082	0.0191136873449123	-0.181711536622851	-0.0623813327130915	0.111148867656099	-3.24030614811142e-05	-0.151822774340863	0.3085312355921	0.301091755962066	0	0	-2.12125631021237	0.15017227781859	0	0	0	-0.304315886692491	-0.000202076673979884	0
path:hsa04022	cGMP-PKG signaling pathway	-0.0266366679994252	0.0158503498558763	0.00349857067639676	-0.00767107980087054	-6.8825610950705e-09	0.287508135884235	-4.07761930750741e-05	-0.0481829335262225	0.00548037828584872	-0.0225929381377762	0	0	-2.37938111955299	0.538793943286379	0	0	0	-0.540663933191874	-9.22680111914519e-05	0
path:hsa04024	cAMP signaling pathway	0.0354888800513034	0.0108524230227861	-0.00646915687086361	-0.394958408263941	-0.000886990595824158	0.354907946505371	-0.000249989063758914	-0.231647669465869	-0.028352574632847	0.0822262671580982	0	0	-2.76477068308	1.0020478514419	0	0	0	-1.03312799655385	0.0100477406087296	0
path:hsa04060	Cytokine-cytokine receptor interaction	-0.451855222367203	-0.621452156397061	-0.584425394804909	-1.12800591233793	-0.373777107046888	0.195535555601941	-6.522247780337e-08	-0.339494749752872	-0.0410238133695873	0.336613454277642	0	0	-2.34118217240293	0.235524010334539	0	0	0	-1.53541738267263	4.32167401417271e-05	0
path:hsa04061	Viral protein interaction with cytokine and cytokine receptor	-0.434920146269318	-0.188578306403463	-0.577039221017521	-0.43384842782228	-0.373777107046888	0.169217426159904	-6.02577480115231e-08	-0.0992587216309038	0.0201022522501676	0.318652256607646	0	0	-1.44290112959346	0.153468959327838	0	0	0	-0.45210062830396	-8.55491933193202e-05	0
path:hsa04062	Chemokine signaling pathway	-0.0878911461597727	0.0173447578965393	-0.0540739363676305	-0.127507685862534	-0.00389351153173841	0.161211125897126	-1.80314114343846e-05	-0.18678653278784	-0.0273965968527379	0.306826042007532	0	0	-3.45254715107391	0.591963059984066	0	0	0	-2.21186555315974	-0.000177827519551893	0
path:hsa04064	NF-kappa B signaling pathway	-0.094101230656443	-0.233535907893081	-0.267931441351461	0	-0.046722138380861	0.0935929278029129	1.55437573291556e-10	-0.129554295397828	-0.0381004208870149	-0.020036439458331	0	0	-2.60717737163773	0.236123553616309	0	0	0	-1.26556927397275	0.320186547999901	0
path:hsa04066	HIF-1 signaling pathway	-0.259740994972167	-0.159101445395948	0.000986445575550189	-0.0977584432583421	-3.88194129059237e-09	-0.00792474845656238	1.77785527659025e-10	-0.289001460317064	0.0165589485295538	-0.0412058070605096	0	0	-3.28589311265991	0.625484919843543	0	0	0	-0.344617445129548	-0.000256003832312592	0
path:hsa04068	FoxO signaling pathway	-0.274511830892653	0.022450368468713	-0.239468599049178	-0.0859589949690877	-1.19620573083972e-10	-0.0439011596830493	-3.52386180518518e-05	-0.125679494101371	0.136886994538378	-0.14704702868819	0	0	-3.38583334049221	0.664168031690366	0	0	0	-0.52088161965639	0.0118283626294023	0
path:hsa04070	Phosphatidylinositol signaling system	0.0321563679796371	0.0168881169295292	-0.00200786705549848	-1.83223457058784e-11	-1.69129344977339e-11	0.00383920531913345	1.46646989802095e-11	0.0104978374038465	-0.0245508750057824	-0.0293434698742721	0	0	-1.21900796622128	0.131923973727672	0	0	0	-0.0728210592292242	7.41991451390948e-05	0
path:hsa04071	Sphingolipid signaling pathway	0.0649078350339068	0.0278219801705216	-0.00120815545720877	-0.00247372069421182	0	0.0904462665019861	-2.27330497761651e-09	-0.167960830460308	-0.0373597402038041	-0.0700523485150142	0	0	-3.23713314288701	0.688839477187571	0	0	0	-0.591305831488865	0.0100506815897121	0
path:hsa04072	Phospholipase D signaling pathway	0.0165323999753216	0.00297585556700098	0.0132476136130708	-0.0487937384672749	-0.00389351841429951	-0.0089676963401898	-0.000125240968951565	-0.0811697172468469	0.0219940878196496	-0.0166803969852134	0	0	-2.47028225746473	0.502905593144757	0	0	0	-2.15751615100343	-0.000173174662856206	0
path:hsa04080	Neuroactive ligand-receptor interaction	0.0160570269435937	-0.0260683757076933	-0.00663312618994081	-0.404925199300795	-0.00143772921984014	0.0974298739081903	-0.000962829843823582	-0.0677517346537228	0.010929091298686	0.405572083298275	0	0	-0.908573252149913	0.0782815770880704	0	0	0	-0.0589645525579564	4.50188615770611e-06	0
path:hsa04110	Cell cycle	-0.350509007185862	0.0153929675410787	-0.265185666530679	-0.4930866212964	-0.373777107046888	-0.0713561634011787	1.45809431019335e-10	-0.239706727262872	0.13396449783658	-0.153598541616126	0	0	-3.7627077322729	0.632488474954081	0	0	0	-0.00717784477219722	-0.000167188881038124	0
path:hsa04114	Oocyte meiosis	0.0397501941615306	-0.531627158397817	-0.0418479367467183	-0.0347766782040885	0	0.108378427083299	5.15842643836384e-07	-0.0270137994098046	-0.0201840662287956	-0.0425872301837327	0	0	-1.97390318160488	0.801113338628231	0	0	0	-0.482994554067706	-8.62805528078279e-05	0
path:hsa04115	p53 signaling pathway	-0.342649535450181	-0.1655715838235	-0.23801743787617	-0.438668965909194	-0.373777107046888	-0.0304125181991266	9.54443925520239e-11	-0.0791103465883241	-0.0398089433620319	-0.0705239452143468	0	0	-3.19741037960336	0.301479453705447	0	0	0	-0.0334672052210355	-0.104958782133998	0
path:hsa04122	Sulfur relay system	0	0	0	0	0	0	0	0	0	0	0	0	0	0	0	0	0	-3.53647187694312e-05	0	0
path:hsa04130	SNARE interactions in vesicular transport	-0.00201496400206692	-1.97078350367339e-05	0	0	0	-1.03132998515731e-05	2.53694401473348e-11	-0.00491992168848242	-6.07649699434094e-11	0.411882662677663	0	0	-0.103149447649076	0.0148784080606956	0	0	0	-0.000263375711780936	2.81491661963413e-17	0
path:hsa04136	Autophagy - other	0.00827339790909517	0.00706229841992699	-5.00536847647138e-05	0	0	-0.00157989988543624	-5.16722429653021e-11	-0.018217801466023	-0.0587028785825853	-7.5508413870923e-05	0	0	-0.787277671957323	0.04350724888122	0	0	0	-0.00493977832585856	7.09355786159431e-05	0
path:hsa04137	Mitophagy - animal	-0.0397497091165147	0.0168096966859671	-0.00354676985629325	0	0	-0.0162450713670511	9.74933125302835e-11	-0.277833296032127	0.0456184971570382	-0.0391321370134091	0	0	-3.683318667328	0.371637056450522	0	0	0	-0.132319821633644	0.0233878338603808	0
path:hsa04140	Autophagy - animal	0.0457001816046056	0.017500057182461	-0.0037043063371279	-0.00189193161475666	0	0.0417076886891562	-3.84037338250125e-11	-0.310585426367582	0.203702021250041	-0.0354018901643984	0	0	-3.5396881114052	0.589838872014094	0	0	0	-1.68074208659914	0.0155982438846656	0
path:hsa04141	Protein processing in endoplasmic reticulum	0.0344725657585514	-0.00529248863048004	-0.0111306824981671	0	0	-0.0199737630871329	-6.57021757128754e-11	-0.368149004657251	-0.00986247904621201	-0.00955463683140533	0	0	-1.37808897319838	0.199567279677641	0	0	0	-0.129781731060789	3.81818432041122e-06	0
path:hsa04144	Endocytosis	0.0333063034364825	0.00872578868171611	-0.0164259143586231	-0.0341973118585125	0	-0.0300261037352942	-2.09983300860667e-06	-0.283784801333968	-0.00298586680389883	-0.0708018944995161	0	0	-2.34276945768019	0.144984160086031	0	0	0	-0.430893058471972	-8.47455831725667e-05	0
path:hsa04145	Phagosome	3.9212806990032e-05	-5.62982129165258e-06	5.84790230367711e-07	0	0	-0.000143528316192191	1.36919216047552e-13	0.000117091059658026	0.00572058705892287	5.74944428947085e-06	0	0	-0.199265067502889	-0.000869510818931512	0	0	0	-6.16873396849726e-05	7.09389120378466e-05	0
path:hsa04150	mTOR signaling pathway	-0.137015145331879	0.0140953699611438	-0.214274821461056	-0.0182195606188209	-0.46722138380861	0.357780298289876	5.6753793058994e-11	-0.277644489157923	-0.0152593999074042	-0.0322092150714236	0	0	-2.73148653092352	0.964468836536446	0	0	0	-0.361850292084351	-2.13449824063485	0
path:hsa04151	PI3K-Akt signaling pathway	-0.60402476095843	-0.506648125860059	0.00869551551249201	-1.13167314977557	-0.0622961846274352	0.40272773691336	-3.59360083589025e-05	-0.359073911269149	0.669667192433711	-0.00826523089845563	0	0	-4.1562824878639	1.34090393149475	0	0	0	-3.06359816375004	-0.0915867402792009	0
path:hsa04152	AMPK signaling pathway	0.050661491624824	0.00860788003108802	-0.021387254675056	-0.0174161379198128	-2.91209981260981e-10	0.00762677541227844	-1.95274754747451e-05	-0.0252405168500724	-0.00623084255644129	-0.0512807937968373	0	0	-2.76662733940608	0.221625429172719	0	0	0	-1.24635152113326	0.0407735108972279	0
path:hsa04210	Apoptosis	-0.299887247933033	-0.157165487152366	-0.213416122263326	-0.423144759919616	-0.373777107046888	-0.000831917568836488	1.03528500208832e-10	-0.309830214543194	-0.0260500668285448	-0.0248317738696462	0	0	-3.4080135350489	0.69036867846686	0	0	0	-0.433845512543762	0.336781807297651	0
path:hsa04211	Longevity regulating pathway	0.0636330177077638	0.0158538581436912	-0.00400379977201255	-0.0137704976891421	0	-0.00432781774048823	5.16578074064476e-07	-0.0890016471443845	-0.0260501331997553	-0.0215638368256415	0	0	-3.34265671111389	0.264834165919037	0	0	0	-0.355955973106369	-0.000167056592437632	0
path:hsa04213	Longevity regulating pathway - multiple species	0.0322286825872729	0.0140664793905039	-0.010823912306311	-0.0137704976891421	0	0.114078076464834	5.16444945070823e-07	-0.0568438448192623	-0.0164978401789074	0.202354262081824	0	0	-2.74211718270511	0.145276963085986	0	0	0	-0.360512305887603	-8.15192924545845e-05	0
path:hsa04215	Apoptosis - multiple species	-0.133889271848047	-0.0050705999647925	-0.00876145433218656	0	0	-0.00310135020563984	-8.39706313454517e-12	-0.0563286245498241	-0.0102880531248808	-0.0209309884529399	0	0	-1.66101484618016	0.260385924230306	0	0	0	-0.11096173146765	0.204306873398576	0
path:hsa04216	Ferroptosis	0.0529741562128934	0.0151562955280051	-0.0111610933323665	0	-0.000439845130851074	0.0070909174310901	1.11498822326141e-10	-0.0664907994271776	-0.0402113301968288	-0.00747231925100786	0	0	-2.04976166578169	0.144630683853885	0	0	0	0.00985008719485239	1.14555097587936e-06	0
path:hsa04217	Necroptosis	-0.219160912065293	-0.566440905938047	-0.226358305555667	-0.404925199300795	-0.386917708466505	0.00409014290342724	-4.67629132971609e-07	-0.0694512830505024	-0.0306399308150335	-0.0251201356976871	0	0	-2.09099150240579	0.287125996174121	0.607387798951193	0	0	-0.595698923725687	0.318057595559376	0
path:hsa04218	Cellular senescence	-0.345767398919497	0.0308212034924938	-0.246699003551724	-0.473468056535959	0	0.174134425437671	1.37269045394729e-10	-0.241851121361374	0.132539110645127	-0.116824736424203	0	0	-3.92958846653015	1.01189686000605	0	0	0	-0.370129905576962	-0.000164251869883631	0
path:hsa04260	Cardiac muscle contraction	0.00847759259668371	0.00705662935412095	0.00362809947677092	3.5707689532698e-05	0	0.103386295592039	5.08120129474551e-09	-5.34631964978885e-05	1.85832530222764e-05	3.06792335816917e-06	0	0	-0.103049926063949	0.000195080720725994	0	0	0	-0.00235146772751672	-3.83018390714984e-09	0
path:hsa04261	Adrenergic signaling in cardiomyocytes	-0.0197611086969711	0.00154127412308279	0.00252991582178236	0.0113371914266316	-0.000887004606752101	0.253505770746978	-4.07368641638776e-05	-0.0615560744472432	0.000448529366061773	-0.0284984772462697	0	0	-1.87026720698112	0.592619225881552	0	0	0	-0.567188634499586	1.4729081364291e-08	0
path:hsa04270	Vascular smooth muscle contraction	-0.0785776560132004	-0.0493845337826381	-0.142181572091026	0.00248407540662123	-0.131849516376645	-0.0160188304619167	5.99921803849013e-08	-0.102487056465011	0.163040922081127	-0.0055807644189047	0	0	-1.48198920774958	0.418271169334735	0	0	0	-2.08821490259665	-8.73525939545789e-05	0
path:hsa04310	Wnt signaling pathway	-0.0802148877897864	0.0155792400927532	-0.013900803171497	0	-0.46722138380861	0.0837797035490445	6.57945394708128e-11	-0.330243467803276	-0.0394462020984294	-0.101656595598362	0	0	-3.73565193281106	1.07709927287117	0	0	0	-0.17287044776225	6.1361097344547	0
path:hsa04330	Notch signaling pathway	0.0380775751910898	0.028301541472286	-0.0356319739747484	0	0	-0.0259796791792589	5.79312666291853e-11	-0.107430564333707	-0.060566026738119	-0.0562322012352846	0	0	-2.41014855759114	0.159736876986815	0	0	0	0.0281690315039877	-0.00386874338102053	0
path:hsa04340	Hedgehog signaling pathway	0.0310658073383533	-0.00488335546137777	-0.0251799511522851	0	0	0.0110207373366157	-2.09485745335702e-06	-0.0618428376673039	0.0020212771534746	-0.0213735363089088	0	0	-1.47436435475102	0.822263049900993	0	0	0	-0.0612145900473451	2.60617831167489e-06	0
path:hsa04350	TGF-beta signaling pathway	0.0827814627562958	-0.152034950397392	-0.0103592973499789	0	0	-0.0523713697076298	-2.63519595188105e-11	-0.241258941798778	0.134512135083854	-0.138073219475192	0	0	-3.40556406753472	0.92527314694863	0	0	0	-0.114336113381902	-7.97446591305925e-05	0
path:hsa04360	Axon guidance	0.0236608586332562	-0.0579389590885385	-0.00882615192675403	-0.154581293115045	-0.0311480922539073	0.184712327431744	-1.5501401772073e-06	-0.153547845292661	0.00599007947560428	0.186695948276821	0	0	-2.79916875372575	0.681737503670334	0	0	0	-0.237771069787076	-0.37591179663142	0
path:hsa04370	VEGF signaling pathway	-0.277926151330523	-0.0258561271391567	-0.263864170897714	-0.0188944359509889	-0.0598627398004781	-0.0294471200964808	-4.67698692254632e-07	-0.197335566127982	0.00493418725226197	-0.0532723683522868	0	0	-1.90424343258993	0.561454082166704	0	0	0	-0.597912810690043	-0.104881147790794	0
path:hsa04371	Apelin signaling pathway	0.0467141013122046	0.0162231263869381	-0.0040607526041665	-0.113082509201958	-6.88256109510547e-09	0.0369403606527249	-1.58493610829175e-05	-0.394872020429269	0.233564814113827	-0.171150490636599	0	0	-3.22643307036885	0.614703567999502	0	0	0	-0.617404671489112	0.0128742534211396	0
path:hsa04380	Osteoclast differentiation	0.0627271063327254	-0.184392040475239	-0.0034779885088316	-0.00108068885457935	0	-0.0216062210487692	1.07315307678378e-10	-0.312495408346929	0.120991158534546	-0.0722792092364288	0	0	-3.1489844773994	0.721897955088586	0	0	0	-1.70665380919904	0.0227252329027391	0
path:hsa04390	Hippo signaling pathway	-0.227037452107603	0.0160518141518175	-0.013178578194815	0.000133903835747617	-0.46722138380861	0.057873955496751	-1.77529292484523e-10	-0.450560845948685	0.301166758453395	-0.102551443940631	0	0	-3.56884324322446	1.02130987783789	0	0	0	-0.0124999164166797	3.71944304041627	0
path:hsa04392	Hippo signaling pathway - multiple species	-0.129019046481855	-0.0119932005136789	-0.00357365931261148	0	0	-0.00239989314679331	-4.73446709175071e-13	-0.0536499455377047	0.150751112873286	0.00120573976947921	0	0	-0.60265753916782	0.0184626301323779	0	0	0	-0.00244217603752007	-5.187447752197e-07	0
path:hsa04510	Focal adhesion	0.0289010394631408	-0.115682090517882	0.00307268883641179	-0.371887098963423	-0.00389351153173841	0.155396560461709	-2.99813436335084e-07	-0.395231802257617	0.221331354603805	-0.0957605825401337	0	0	-3.37789877376486	0.972428257528593	0	0	0	-0.636639379582287	0.306192126282456	0
path:hsa04512	ECM-receptor interaction	0.0165478922291245	-0.164392153620368	-0.0118642692046954	-0.404925199300795	0	0.175510353959421	1.49119867059628e-11	-0.2932063307273	0.0106476292824932	-0.0578198764019381	0	0	-1.27535498687571	0.719493081101993	0	0	0	0.0122568873073103	6.45334503747184e-07	0
path:hsa04514	Cell adhesion molecules	0.00626675403887985	-0.057894019520259	-0.00556640203679475	-0.134841162597851	0	0.021239232923961	1.14876099809502e-10	-0.339699102214112	0.148112135890921	-0.00548685037391504	0	0	-1.67653760886215	0.261766970811603	0	0	0	0.0069824797667714	-8.60123381424938e-08	0
path:hsa04520	Adherens junction	-0.0972834524239605	0.0157794806205453	-0.00976383948457321	-0.0159345564539665	0	-0.06647436990373	1.12426577057134e-10	-0.496936870878794	0.130800490426021	-0.190287061787202	0	0	-3.03453108176032	0.498420286705364	0	0	0	-0.126079307986648	2.57417942000163	0
path:hsa04530	Tight junction	-0.00589264009367856	-0.0577803906989331	-0.21793989057238	-0.151765795897951	0	0.200537367895915	1.1233426658435e-08	-0.31588537886164	0.144877290218718	-0.0642237756101836	0	0	-2.50050142994421	0.8533750252916	0	0	0	-0.213754100323478	0.000842205315696049	0
path:hsa04540	Gap junction	0.0220330120269088	0.00224560343811214	0.00685294842608101	-0.0145739207036278	0	0.0879926165508308	-3.09140994964288e-05	-0.0209092332445134	0.186112112841432	0.198727273959986	0	0	-2.00423758910567	0.430867543251345	0	0	0	-0.725760931565966	-0.000166139820124994	0
path:hsa04550	Signaling pathways regulating pluripotency of stem cells	-0.132816457158841	-0.163898785226199	-0.00339857347211016	-0.0928471919159688	-0.46722138380861	0.071320286548078	1.01215795373703e-10	-0.524953719085048	-0.0114158884460707	0.366803295569791	0	0	-3.57055263629711	1.37024931613184	0	0	0	-0.3165607329374	3.0033474961441	0
path:hsa04610	Complement and coagulation cascades	0.00873273809696577	0.00256159259984396	0.00358077462244735	0	0	-0.00279089386135747	3.0913760886643e-12	0.0049820563478715	0.0100572607752512	-0.000244826094920745	0	0	-0.61664867576817	0.0299228999048979	0	0	0	-0.000844777296757898	3.11871778961003e-09	0
path:hsa04611	Platelet activation	-0.239600387164651	-0.637739551514181	-0.383837960826606	-0.806035958699515	-0.585486796585165	0.0191843481862951	7.26010820762432e-08	-0.104775372488855	0.000315539821038948	0.00646186898310797	0	0	-1.91960271933592	0.664725293896871	0	0	0	-2.01474913380511	4.03349841492412e-06	0
path:hsa04612	Antigen processing and presentation	0.0167942712471591	0.027736829689966	0.0177320668025813	0	0	0.0138223094760473	6.0173962832733e-11	0.0226349237400027	0.000571040936620412	-0.00867400581229465	0	0	-0.979674522321219	0.0885111238074672	0	0	0	0.000698584309413223	8.31481248949828e-09	0
path:hsa04613	Neutrophil extracellular trap formation	0.0539212883756052	-0.147114333724807	-0.010807129445662	-0.00130232278960989	0	-0.0113128978446465	1.390461828758e-10	-0.106616346669178	0.186848274366324	-0.0451260832218629	0	0	-2.57952372448527	0.599549382563527	0	0	0	-1.6352574905505	-0.000164396950840884	0
path:hsa04614	Renin-angiotensin system	0.0021733911272973	3.46247594620532e-05	-0.000106800764358854	0	-1.79684005732932e-07	-0.0143335278087996	-3.70107036390968e-09	-0.00419566011444541	-7.79642605197862e-09	-0.0267268443853171	0	0	-0.0978959197698219	0.00540805038457478	0	0	0	0.000134262977962167	-1.56251181511395e-10	0
path:hsa04620	Toll-like receptor signaling pathway	-0.0988936520672845	-0.396257586835775	-0.00886426108727789	-0.00138338500415388	0	-0.0148282900833318	-4.95455978877275e-09	-0.221560131174613	-0.0508851921936791	-0.0438417616377985	0	0	-3.18042440382643	0.686451290901968	0	0	0	-0.481057505469555	0.0227220833633079	0
path:hsa04621	NOD-like receptor signaling pathway	-0.0898296037654086	-0.36862396338708	-0.0281125734931939	0	0	0.183950758056785	1.0244927511933e-10	-0.129185686699942	-0.126616050971751	0.184151429112775	0	0	-3.1475122747651	0.687333684317026	1.21477559790239	0	0	-1.61385528660018	0.376689664347792	0
path:hsa04622	RIG-I-like receptor signaling pathway	0.0557628263999382	-0.152234209608031	-0.018098154150302	0	0	0.0332975798394512	9.17121798948783e-11	-0.102438926538013	-0.030508393582696	-0.0244500064827247	0	0	-2.44753912331349	0.285351104041195	-1.82216339685358	0	0	-0.152438726716413	-0.000164195696948331	0
path:hsa04623	Cytosolic DNA-sensing pathway	-0.139177405293642	-0.164204370194221	-0.0187284945085681	0	0	-0.0206073750456714	1.40392217575604e-10	-0.0612605873928243	-0.0300228127401418	-0.0123606915297235	0	0	-2.43172050850251	0.199347558172717	0.607387798951193	0	0	-0.00532236190005457	-0.138075759275631	0
path:hsa04625	C-type lectin receptor signaling pathway	-0.249853646667399	-0.00124429959679254	-0.459851861907471	-0.000453567420151202	-0.0467221588455117	-0.00632203529390728	6.51755283013401e-11	-0.235306570135056	-0.0298632447458767	-0.0248547400959928	0	0	-3.35111632392499	1.0051518423441	0	0	0	-2.8930539895184	-0.000164234687974064	0
path:hsa04630	JAK-STAT signaling pathway	-0.28758296188734	-0.267090921178308	-0.330365216756241	-0.739952596341333	0	-0.0138219549468731	1.39724221513574e-10	-0.314458406839282	-0.00746672266382549	-0.0486713973337344	0	0	-3.15091578074596	0.65819810690604	0	0	0	-1.9268980549944	-0.000119225623316592	0
path:hsa04650	Natural killer cell mediated cytotoxicity	-0.108468795050733	-0.364412510854581	-0.208171631065584	-0.42168793378219	-0.377670618578626	-0.0186684943706965	5.51628313787855e-11	-0.0144688774635418	-0.00613421592337172	-0.0459948306495047	0	0	-2.3557853075387	0.508846068295761	0	0	0	-1.94937386857327	5.43369494488928e-06	0
path:hsa04657	IL-17 signaling pathway	-0.246092276900018	0.00150742353434074	-0.529656241902246	-0.406054227013673	-0.420499245427749	-0.000975895690146658	9.60761237791041e-11	-0.205038095949587	-0.0522781787073263	0.170734573338094	0	0	-3.18427916471755	0.720180015551059	0	0	0	-0.734834566280353	0.0227968934844983	0
path:hsa04658	Th1 and Th2 cell differentiation	0.0713449701405398	-0.0109961657157406	0.0572345606925362	-0.433803073297269	0	-0.00503328707228919	7.12528764112855e-11	-0.221106632756367	-0.040907767527634	-0.013388792568866	0	0	-3.29626731456963	0.674440099317675	0	0	0	-3.03399979446657	0.00300516570938115	0
path:hsa04659	Th17 cell differentiation	-0.0866787613198927	-0.0177029917452359	-0.00510916344045185	-0.11564755956093	0	-0.0529206024423914	4.63610058634845e-11	-0.091377726105532	-0.0411579300338117	-0.149587577085279	0	0	-3.58370270846627	1.0650000447332	0	0	0	-1.85770748633323	1.55308935622395e-05	0
path:hsa04660	T cell receptor signaling pathway	0.0686033912609077	0.027808851219338	-0.216602664186754	-0.00238219243273584	0	-0.0116206372168576	-7.57962823736401e-08	-0.222968340608193	-0.0392265164341228	-0.0242557680266777	0	0	-3.5571925133495	0.689548041144926	0	0	0	-1.06419624473707	0.0101328130269627	0
path:hsa04662	B cell receptor signaling pathway	0.0640946197942576	0.00878760827401325	-0.00745135798345854	-0.00134767731462118	0	-0.0159927431933034	1.25801708755354e-10	-0.0895179154701408	-0.0288218373300923	-0.0472368059980038	0	0	-3.42045375410916	0.588617328652468	0	0	0	-1.75962612383141	-0.000164407554565795	0
path:hsa04664	Fc epsilon RI signaling pathway	-0.0586349320908699	-0.0551907904096551	-0.1273206885694	-0.00250942838374452	-0.118265412776554	-0.0210558856883712	-4.72818178892888e-07	-0.185593388817198	0.0224250183144649	-0.0453573274220948	0	0	-1.47799296370912	0.567509983065903	0	0	0	-2.11753371496137	0.0102154645046538	0
path:hsa04666	Fc gamma R-mediated phagocytosis	-0.0620765453764011	-0.0428925535958933	-0.127388641958392	-0.00112604337959064	-0.118265412776554	-0.0303875563263153	-4.67731371563578e-07	-0.0941085092350154	0.172101710878607	-0.0733796798821487	0	0	-1.78013926026023	0.472905187787832	0	0	0	-3.22017253830714	-6.91871549808932e-07	0
path:hsa04668	TNF signaling pathway	0.0437285513807952	-0.152546859197813	-0.208566593263654	-3.5707689532698e-05	0	0.106550536672455	-4.94758584558906e-09	-0.234344708065728	-0.0396551843274166	-0.0299199511516405	0	0	-3.22971388904454	0.696402926124841	0	0	0	-0.405761074261891	0.166005422102273	0
path:hsa04670	Leukocyte transendothelial migration	0.0194556258639948	-0.0576461023090916	0.00367562060685441	-0.133708612768579	-0.373777107046888	0.111746531214512	6.56589749146316e-08	-0.119487027990787	-0.0201202660913042	-0.0408212430752623	0	0	-2.18783277643745	0.316670130459144	0	0	0	-0.308912407224021	-8.838652272523e-05	0
path:hsa04672	Intestinal immune network for IgA production	0.0195282517798103	0.00735994578478417	0.000463417460051852	0	0	0.0978576947916377	-1.00416451665024e-08	0.0144932486943787	-0.000208572763140064	0.0234467239618775	0	0	-0.793714565350039	0.0265485756405189	0	0	0	-0.0143242726334924	2.60158238709281e-06	0
path:hsa04713	Circadian entrainment	0.0109593822955194	-0.000186723137454378	0.000213777967162192	-0.113870094128345	-0.000443495297912079	-0.0142069102666677	-0.000296098758742041	-0.0305386780566997	0.0103868375761171	-0.0144271324503685	0	0	-1.36649716320454	0.39402974131171	0	0	0	-0.463622809380173	5.51086958045219e-07	0
path:hsa04714	Thermogenesis	0.0317298385867045	0.00875972568320607	-0.000217676385501796	0.00287873612863866	0	0.105739154434181	4.70667188562568e-07	-0.145665386734039	0.000751888059970064	0.192712115578594	0	0	-1.96182482696298	0.211455130651811	0	0	0	-0.37244784913573	0.0102157434024846	0
path:hsa04720	Long-term potentiation	0.0360929564739055	0.00174860242978028	-0.00779721634129296	0.000839706634494737	-0.000221747648956039	-0.0312519469377298	-0.000210702461004248	-0.0206791192949409	-0.00901640040444172	-0.0320904509132138	0	0	-1.16665968444321	0.399291595299272	0	0	0	-0.48426212834253	3.16717447905113e-07	0
path:hsa04721	Synaptic vesicle cycle	0.00207720152915766	-1.93791211880152e-05	0	0	0	-0.0136306632234536	1.18801046670381e-13	-0.0981857860576086	-2.40722733664111e-09	0.31708417345284	0	0	-0.315667883735631	-0.00718565371787109	0	0	0	-0.00453401609288285	-4.36222760959009e-10	0
path:hsa04722	Neurotrophin signaling pathway	0.058125498243228	0.0125614598543504	0.00247812408353224	-0.465583294247426	-0.00389351153173841	0.204666789725141	9.47422455456106e-11	-0.245217508482957	-0.0115897948865394	-0.03688704678771	0	0	-3.54636331457251	0.703207836940691	0	0	0	-1.90991405695914	0.0672431840930993	0
path:hsa04723	Retrograde endocannabinoid signaling	0.0265686159603557	-0.00496566620489497	-0.00397782147270619	-0.115692914085941	0	0.0914874637007936	-9.49333676865298e-05	-0.0570184312544271	2.91536935830039e-06	-0.00461212065448642	0	0	-0.494537685059862	0.478271057448494	0	0	0	-0.569057870312146	5.39810158626472e-07	0
path:hsa04724	Glutamatergic synapse	0.00521455252518608	0.000740846885393156	-0.0152307064966362	-0.112047274170748	-0.0131406014196172	-0.0157640524978156	-0.00043265174696166	-0.0123868588360261	3.1592759901969e-06	-0.000533282798519328	0	0	-0.294246439036072	0.357738034706032	0	0	0	-0.739222402097968	5.39811326751905e-07	0
path:hsa04725	Cholinergic synapse	0.0414790792741312	0.00186768892424608	-0.000282009588675602	-0.112047274170748	0	0.106109219609319	-1.58748249641409e-05	-0.0384225361045067	2.76380468968248e-05	-0.0306035745732368	0	0	-2.24448384024075	0.503732553086752	0	0	0	-0.558460976764923	5.64769626218104e-07	0
path:hsa04726	Serotonergic synapse	-0.277320565781484	-0.206134739937556	-0.471160116354835	-0.111682710179229	-0.434526837443191	-0.040559418340631	-6.01147736232687e-05	-0.101430995734063	-3.22521143820877e-05	-0.0103863631759166	0	0	-1.29611590917937	0.423824763499947	0	0	0	-0.590386756425153	5.42929945568705e-07	0
path:hsa04727	GABAergic synapse	0.00151980325579841	0.0066825238919583	-0.00103891462207932	-0.104755994340362	-0.000886990595824158	-0.0153379090706867	-5.71742114718061e-05	-0.00494060496723732	-0.0121997873870948	-4.31479216550278e-05	0	0	-0.293716797618481	0.00119124151513417	0	0	0	-0.301378823407866	8.97275747456477e-12	0
path:hsa04728	Dopaminergic synapse	0.0390657239468845	0.00169966444144522	0.00642716940117706	-0.51879529342914	-0.000443495297912079	0.120553707097428	-0.000156727822707046	-0.0840309726979731	0.0101442465938011	-0.00268337282022405	0	0	-1.67334467149292	0.253541573296638	0	0	0	-0.25559361535129	3.73390937514585e-06	0
path:hsa04730	Long-term depression	-0.0550227696167818	-0.0549680416877495	-0.134609430952337	-0.00134767731462118	-0.118265412776554	-0.0151692621154281	-4.82511111619379e-05	-0.0432948610723061	0.00108243673427203	-0.00996663563361289	0	0	-1.17408643715449	0.417995224814167	0	0	0	-0.552650212850681	-8.3159801207928e-05	0
path:hsa04740	Olfactory transduction	0.00198996273993539	-1.08910773638858e-05	-0.00358199488878462	0.0018228199575966	0	-4.15303960395777e-07	1.57730165998388e-07	0.00046312898909268	2.28034531877393e-07	-0.00545041987726325	0	0	0.000477425815778357	0.00951635018356205	0	0	0	-0.0552132100177545	-2.77824860225485e-09	0
path:hsa04742	Taste transduction	0.00203202056791183	1.48437363447203e-05	-0.000136583962279259	0	0	0.00492764900928613	-0.00134954651011033	-0.0090887062347194	3.32934055773234e-07	-0.00116615295575931	0	0	-0.00138145961851893	-0.00204864325124597	0	0	0	-0.15102369118947	-3.16370052920125e-09	0
path:hsa04744	Phototransduction	-6.10053032191726e-06	3.15569913087208e-14	0	0	0	0	-9.0288339496871e-14	7.31140695705113e-06	-2.36603251419536e-08	0	0	0	-0.0967852815196497	-0.0030548403097534	0	0	0	-0.00337048725044423	-3.73591551406255e-24	0
path:hsa04750	Inflammatory mediator regulation of TRP channels	-0.0658539491800186	-0.0628113921298848	-0.129540697617708	-0.0132262433890066	-0.12034670870304	-0.0160003200016553	-1.0931347614585e-07	-0.0860417911054263	0.0134721456280511	-0.00443788872089681	0	0	-1.28377690768287	0.186869248148418	0	0	0	-2.06513103965712	-2.23977122123127e-06	0
path:hsa04810	Regulation of actin cytoskeleton	0.0159726273516571	-0.116979679435624	0.0128071277157604	-0.341930508456095	0	0.374527405252464	-2.8649460386814e-06	-0.220667346262368	0.204442569860738	0.00943090284514676	0	0	-2.75175688751085	0.844123559646051	0	0	0	-0.550419997363157	-0.000263374798237357	0
path:hsa04910	Insulin signaling pathway	0.0305850702540012	0.00278585078807401	-0.0137950968717444	-0.0376134507959759	-0.00389351543201486	0.020384891414429	-1.95275869603176e-05	-0.207999998979474	0.0205446732353239	-0.0179752467855356	0	0	-2.47664347799291	0.614548640865126	0	0	0	-1.82951141580353	0.010124739121493	0
path:hsa04911	Insulin secretion	0.0121370626446594	-0.000485718245155813	-0.000954096751136373	0.0109369197455796	-0.000886990595824158	-0.0133547329132361	-4.07896609902973e-05	-0.0213446401664996	0.0102621064996833	-0.00445227789924811	0	0	-0.485257908745493	0.0686750312888567	0	0	0	-0.37891559023698	1.09544745793469e-08	0
path:hsa04912	GnRH signaling pathway	0.0449032413295859	-0.00159505009618136	-0.0217962508927522	0.00226225491103931	-0.200029154943061	-0.0458032186133603	4.36250225447579e-08	-0.188371699827298	-0.0293299759461981	-0.100779209904566	0	0	-2.6496724308251	0.711785292374023	0	0	0	-2.51975406579054	3.58923094184467e-06	0
path:hsa04913	Ovarian steroidogenesis	0.00499783947709683	-0.0044209805687008	-0.0103364538438762	-0.0132262433890066	-0.0131406014196172	0.00934747979319087	-6.66716718811855e-07	-0.0066268518627765	0.0135195319238786	0.0687477897762531	0	0	-0.592924971634133	0.375132440771256	0	0	0	-0.517373414817345	-8.62650846210694e-05	0
path:hsa04914	Progesterone-mediated oocyte maturation	-0.137229968615579	-0.538218694348883	-0.232354081485358	-0.441043900192987	0	-0.00417494697802065	5.12530927253622e-07	-0.0540957533816409	0.0100291268899198	-0.0217373403148581	0	0	-1.78256601464364	0.869547529106336	0	0	0	-0.73755450882264	-8.64565703627902e-05	0
path:hsa04915	Estrogen signaling pathway	0.0758004528612628	-0.161058921217334	0.00691755766472278	-0.0186309089640032	-0.56455917210207	-0.0300161882364806	-1.60167540079292e-05	-0.0214374220659278	-0.0270048579784309	-0.076502406737814	0	0	-3.45391434196301	1.02636437052187	0	0	0	-2.03374414298822	-8.26808372811481e-05	0
path:hsa04916	Melanogenesis	-0.147237448404389	0.00197012510988227	0.000532637548426998	0.00229796260057202	-0.46722138380861	0.0895187534637531	5.16341550601823e-07	-0.305322564771609	-0.0184335741814427	-0.0436928260984085	0	0	-2.44716044423042	0.869878171660744	0	0	0	-0.602815253622498	0.429173441635071	0
path:hsa04917	Prolactin signaling pathway	0.0643489316074681	0.00950029668479753	-5.97110677914153e-05	-0.0168080890064066	-0.00389351153173841	-0.00557268291925261	-2.72116296712626e-09	-0.133268065767739	-0.0269952082333172	-0.0468901318387203	0	0	-3.42516086642078	0.730376323788134	0	0	0	-0.796336699705326	-0.000163908226510782	0
path:hsa04918	Thyroid hormone synthesis	0.0222195659566678	-5.27076897282153e-05	0.00369566574406466	0.00364563991519319	0	-0.00694312110950028	5.1474991634342e-07	-0.025242764098287	0.010262324512576	-0.00341173124442677	0	0	-0.578854376115896	0.0580992294918613	0	0	0	-0.340566068859637	5.51298588478543e-07	0
path:hsa04919	Thyroid hormone signaling pathway	-0.0468101334759816	0.0200655171382785	0.106532873889336	-0.00134767745403758	-1.28692056132757e-10	0.0826243164845891	2.39187974458536e-11	-0.0885933915617115	-0.0390807565045088	-0.0726946167169691	0	0	-3.83088718019364	1.02115765755436	0	0	0	-0.442444694971677	-0.0908197163048317	0
path:hsa04920	Adipocytokine signaling pathway	0.0456176274356143	0.0277687325823883	-0.0108946809137083	-0.000544254429724431	-1.19620573083972e-10	-0.00639221846254163	-1.95275115874532e-05	-0.097186713856089	-0.0398611750468706	-0.0144977651681011	0	0	-2.75471224049583	0.264979765374606	0	0	0	-0.112269634855898	0.0304786513748782	0
path:hsa04921	Oxytocin signaling pathway	-0.331689948183246	-0.0772661432995855	-0.390911031556434	0.00430256715942599	-0.165874541753239	-0.032937731945498	-4.20041974578249e-05	-0.191457160343066	-0.038989473150354	-0.0702960026402894	0	0	-3.06649762640977	0.600024760129872	0	0	0	-0.91141724714706	-8.61280439678388e-05	0
path:hsa04922	Glucagon signaling pathway	0.0193932208216045	0.00189247686706271	0.00693949759625346	0.00182281964211912	-2.91209981260981e-10	-0.000605555458422149	-1.92693807450719e-05	-0.049129249049228	8.70899287810382e-05	-0.0408294512477851	0	0	-1.17992646290637	0.109519505929741	0	0	0	-0.0926651612805299	0.0305631160771106	0
path:hsa04923	Regulation of lipolysis in adipocytes	-0.0744069119968975	-0.0378147300140372	-0.1085598114982	-0.0137704976891421	-0.107752931640861	0.00553996369873974	4.1531389955469e-07	-0.0282105655947101	0.0340677284183185	-0.0160533865702706	0	0	-0.687430401453439	0.101381253055948	0	0	0	-0.36581848660583	-8.63377992068451e-05	0
path:hsa04924	Renin secretion	0.0137370372885621	0.00701203644444239	-7.18252203030726e-05	0	0.000147824391798091	0.10362341090991	-1.02959970729167e-07	-0.0259316804302724	0.0100936859053266	-0.00473000095512482	0	0	-0.87876368501871	0.0385336756558955	0	0	0	-0.116603354793311	5.54134308395927e-07	0
path:hsa04925	Aldosterone synthesis and secretion	0.0233132024086211	0.00697311453911196	-0.000153831651406798	0.00364563991519319	-6.88256109510547e-09	-0.00639220193953545	5.09233783238805e-07	-0.029620997664252	0.0102623080365877	0.262885078632784	0	0	-0.886391316192768	0.097136580468808	0	0	0	-0.341065165655145	5.50938697352872e-07	0
path:hsa04926	Relaxin signaling pathway	0.0688238586548203	-0.162351853755174	-0.0105135639712346	-0.533816270167484	-0.377687647236458	-0.0391575013643856	-1.7360481980051e-05	-0.244010157969591	-0.0267438834455066	-0.0479012066770752	0	0	-3.36007213633439	0.71084322144892	0	0	0	-0.904391446132419	-0.000166669712616563	0
path:hsa04927	Cortisol synthesis and secretion	0.0322837892444742	-0.00506918727451607	0.0108316989225098	0.00364563991519319	-6.88256109510547e-09	-0.00248305439744117	-6.29922508256385e-05	-0.061276469683435	-0.0301470876551278	0.0606534233683743	0	0	-1.5809495428629	0.101518119034911	0	0	0	-0.313369130089043	-8.29282369242153e-05	0
path:hsa04928	Parathyroid hormone synthesis, secretion and action	-0.255468189446327	0.0142425578944157	0.00793827244139604	0.00364563991519319	-0.186888553523444	0.0770482762215941	5.16400677645571e-07	-0.253969712033742	-0.0294727430658037	0.176968260420506	0	0	-2.80151028290814	0.568021831620859	0	0	0	-0.725533321332498	-9.23206133052487e-05	0
path:hsa04935	Growth hormone synthesis, secretion and action	0.0449257424961555	0.00171333591505822	-0.00453986760089045	-0.00645113125049518	-0.00478050212756257	0.00415756312293795	-4.0796333805953e-05	-0.0882166198872935	-0.00639042382635894	-0.0301477630464178	0	0	-2.74209255975751	0.685468829140742	0	0	0	-1.12068368412161	-7.94761812010316e-05	0
path:hsa04960	Aldosterone-regulated sodium reabsorption	0.0106443417939098	0.00192619997376819	0.0037358738344648	-0.0168718833041998	0	0.000782842912066934	-3.06474918540342e-09	0.00145618220052126	0.0235733502193492	-0.00305395666282246	0	0	-0.887218061394879	0.0869210529523496	0	0	0	-0.0786902345671462	0.0106708044694143	0
path:hsa04961	Endocrine and other factor-regulated calcium reabsorption	-0.15426213005588	0.0277087679342444	-0.00718924897292198	0	0	0.0881839897554881	-4.42375866187597e-08	-0.00473196115750113	-0.00996743085988015	-0.0544466958052106	0	0	-0.588640581156133	0.279491334354332	0	0	0	-0.166674492883253	-1.54656439648235e-06	0
path:hsa04962	Vasopressin-regulated water reabsorption	0.000882781357992994	-1.91415924474057e-05	-9.34150029921372e-05	0.0018228199575966	0	0.0097204428869688	2.54885420541412e-07	-0.0265911836042119	0.0101945939994351	0.235892133658429	0	0	-0.586997559466531	0.0388060227744563	0	0	0	-0.141854201213104	1.0935201689492e-08	0
path:hsa04964	Proximal tubule bicarbonate reclamation	0.00196927660834794	4.09594794619987e-06	0	0	0	6.01293127965458e-09	-0.000239213623133601	3.21341389404722e-05	7.32412865582338e-06	-1.73165900924277e-05	0	0	-0.20151203572697	0.011884525848678	0	0	0	-0.000159358215421275	-6.29545473961676e-17	0
path:hsa04966	Collecting duct acid secretion	0	0	0	0	0	0	0	0	0	0	0	0	0	-1.48850056798027e-08	0	0	0	1.28583739739373e-06	0	0
path:hsa04970	Salivary secretion	0.00822074790580476	4.46338607444333e-05	-0.00715715566561348	0.00364563991519319	0.000147831765970693	-0.0248134602820047	5.13036926107562e-07	-0.0174518991577879	1.91627519048767e-07	0.16936772491175	0	0	-0.193969398074696	0.0401315688215653	0	0	0	-0.333247695684437	5.36248750368828e-07	0
path:hsa04971	Gastric acid secretion	0.0108921170258099	0.00693587201764526	-0.000151636775878381	0.00378847067332399	0	0.0966876853838406	5.35112243411038e-07	-0.0139400823052711	0.0104258069267435	-0.00156122357555254	0	0	-0.294395753048354	0.0179254762082699	0	0	0	-0.334870562102158	7.79244455817186e-05	0
path:hsa04972	Pancreatic secretion	0.0126367117214975	0.00704338777825513	-5.40568199066547e-06	0.00364563991519319	0.000147831765970693	-0.0295884932533963	5.16415292755373e-07	-0.013800360000679	3.71199277844461e-07	-0.0283309743800758	0	0	-0.0944602363134083	0.0200480898471791	0	0	0	-0.284973729684241	-8.29404429640297e-05	0
path:hsa04973	Carbohydrate digestion and absorption	0.000453785968780091	0.00700683154818693	0.00710182173683417	0	0	0.00489467180252472	1.14335544074332e-11	-0.00568780628932047	0.0100235375908444	-0.0141309673723176	0	0	-0.585032761130415	0.0681095569344833	0	0	0	-0.0885048036318978	1.40521739595265e-08	0
path:hsa04974	Protein digestion and absorption	0	0	0	0	0	0	0	0	0	0	0	0	0	0	0	0	0	0	0	0
path:hsa04975	Fat digestion and absorption	0.000129798773693471	1.1591654166258e-05	0	0	0	9.59544615842821e-06	2.53543776532169e-11	-1.17819989077775e-06	5.55436282512802e-11	0	0	0	-0.00283122883060711	0.0177869026223626	0	0	0	-0.0284354558682176	2.81342245665926e-17	0
path:hsa04976	Bile secretion	0.0167040738387629	0.0157480273743746	0.0108053388342354	0.00364563991519319	0	0.00179960305550688	5.16421698979063e-07	0.0241486267110037	-0.0101497801345412	-0.00107395761689912	0	0	-0.491194749608687	0.02241543605735	0	0	0	-0.316296766284203	-8.02045715929081e-05	0
path:hsa04977	Vitamin digestion and absorption	1.6589927411358e-07	1.6396423021812e-07	0	0	0	-1.61772980919352e-09	1.53819018403145e-14	-0.00471887369974467	-1.09046197185759e-13	1.84882861812554e-09	0	0	-0.0992470302744593	0.00283462705164457	0	0	0	-3.80060765742413e-05	1.03864987754815e-15	0
path:hsa04978	Mineral absorption	-0.227357788908702	0.0138893020547851	0.00715247108192705	0	0	0.107522195312151	-3.24817230835246e-11	0.0174718193056067	5.2187671284875e-06	-7.31507027281733e-06	0	0	-0.101034878975611	0.0596435660968795	0	0	0	-0.0206739067700451	-4.95431357896168e-08	0
path:hsa04979	Cholesterol metabolism	0.00190590596136428	-0.012561980322344	5.61129382250115e-05	0	0	9.1873748255605e-06	3.83524850199015e-11	-0.186189618955735	0.0120849525465829	0.0684983397420308	0	0	-0.306528120398104	0.0209146906486642	0	0	0	0.00420225262922668	0.0102153438165806	0
