X..Pathway.Id	Pathway.Name	hsa-let-7b-3p(+)	hsa-let-7c-5p(+)	hsa-miR-100-5p(+)	hsa-miR-1228-5p(-)	hsa-miR-126-3p(+)	hsa-miR-139-5p(+)	hsa-miR-142-3p(+)	hsa-miR-144-5p(+)	hsa-miR-146-5p(-)	hsa-miR-150-5p(+)	hsa-miR-15b-3p(+)	hsa-miR-182-5p(+)	hsa-miR-18a-3p(+)	hsa-miR-191-5p(+)	hsa-miR-192-5p(+)	hsa-miR-194-5p(+)	hsa-miR-20a-5p(-)	hsa-miR-221-3p(-)	hsa-miR-27b-3p(+)	hsa-miR-30a-3p(+)	hsa-miR-30c-5p(+)	hsa-miR-340-3p(+)	hsa-miR-342-3p(+)	hsa-miR-363-3p(+)	hsa-miR-378c(-)	hsa-miR-423-3p(+)	hsa-miR-425-5p(+)	hsa-miR-4433b-5p(+)	hsa-miR-4732-3p(+)	hsa-miR-484(+)	hsa-miR-511-5p(+)	hsa-miR-542-3p(-)	hsa-miR-654-3p(+)	hsa-miR-92a-3p(+)	hsa-miR-92b-3p(+)	hsa-miR-99a-5p(+)
path:hsa00010	Glycolysis / Gluconeogenesis	0	0.00358255989884812	1.58516408761655e-07	0.000115027274886002	0	0	0	0	0	0	0	0	0	0.00823988776735067	0	2.12055934190658e-07	0	0.0475114097494228	0.010213306266254	-0.0728762984474463	-0.00081005901656295	-0.51014660781173	-0.153500539639234	0.000177922221375735	0	2.66978732244877e-05	0	0	0	0	0	0	0	-0.0406272716820872	0	0
path:hsa00020	Citrate cycle (TCA cycle)	0	0.00500683628066396	7.51241504670676e-08	0.00823493862066124	0	0	0	0	0	0	0	0	0	0.0115157234455271	0	-4.79033978491015e-09	0	-0.00107328190191178	5.41365364291722e-06	-0.108800160453289	-4.89283103991979e-05	-0.241341504868909	-0.00448784994788782	2.32071799004537e-05	0	4.01585547127973e-05	0	0	0	0	0	0	0	0.0118566250018921	0	0
path:hsa00030	Pentose phosphate pathway	0	3.8135005777883e-07	1.83193330455205e-09	8.22828170855349e-07	0	0	0	0	0	0	0	0	0	8.77105132891311e-07	0	5.61058031324086e-08	0	0.0125705786641539	1.08716812690309e-06	-3.31923850516782e-05	-0.000180289198292747	-0.00316661347646556	-0.0320907916729859	-2.44341057385501e-06	0	-6.38106952114728e-06	0	0	0	0	0	0	0	0.0344434977416434	0	0
path:hsa00040	Pentose and glucuronate interconversions	0	0.00364096245079022	1.0766698288593e-11	0.00012983222144667	0	0	0	0	0	0	0	0	0	0.00837421363681751	0	3.11517454026579e-10	0	6.97958935166918e-05	0.0103798026170637	0.00027804973096687	-1.00102358232187e-06	0.000414693554779159	-0.00104760373700157	0.000170393156823159	0	3.90233360978019e-06	0	0	0	0	0	0	0	0.0107295754354496	0	0
path:hsa00051	Fructose and mannose metabolism	0	0.00363067053888927	2.65531064256017e-09	0.000107605830951661	0	0	0	0	0	0	0	0	0	0.00835054223944534	0	8.12617518391258e-08	0	0.0182068019144107	0.0103504620194806	0.000303700137409313	-0.000261124790538422	-0.0985231126392915	-0.0852711099002214	0.000171112082017024	0	7.12384962154024e-06	0	0	0	0	0	0	0	0.0266174653894393	0	0
path:hsa00052	Galactose metabolism	0	0.00363677213994113	7.77546157656333e-08	0.000126441793906478	0	0	0	0	0	0	0	0	0	0.00836457592186459	0	6.5934697028429e-08	0	0.0147727552128072	0.0103678567098741	0.000216435499099297	-0.000276194644261488	-0.200242540280445	-0.0952237289492641	0.000172574199123872	0	9.05854601619119e-06	0	0	0	0	0	0	0	0.0263219534288844	0	0
path:hsa00053	Ascorbate and aldarate metabolism	0	0	6.16070067487025e-13	3.36661728709665e-08	0	0	0	0	0	0	0	0	0	0	0	0	0	0	0	8.60942717569469e-05	0	2.11340470185663e-05	5.42097204656456e-05	-1.77821864955528e-06	0	-4.49100131546528e-06	0	0	0	0	0	0	0	-8.88425953940189e-05	0	0
path:hsa00061	Fatty acid biosynthesis	0	-0.00357902484430128	-1.09291338954411e-05	9.04579670693109e-06	0	0	0	0	0	0	0	0	0	-0.00823175714189295	0	0	0	0	4.96991153928955e-06	-0.014837196383801	0	-0.205658339338987	-0.14516271911644	-0.000662546739834787	0	-0.000501259309539974	0	0	0	0	0	0	0	-0.01735167982253	0	0
path:hsa00062	Fatty acid elongation	0	0	2.19210048291211e-15	0.000117948037693318	0	0	0	0	0	0	0	0	0	0	0	0	0	0	0	-6.54509989105954e-07	0	-0.00146667503884716	-0.000252107398907154	-4.97292814692584e-08	0	-1.72801759748674e-07	0	0	0	0	0	0	0	0.000127570276373887	0	0
path:hsa00071	Fatty acid degradation	0	0	1.70156995869404e-07	0.000565901172192271	0	0	0	0	0	0	0	0	0	0	0	0	0	0	0	-0.0176524435197608	-0.000144723345085268	-0.302742628497858	0.00678298732264324	6.4060268209312e-08	0	-3.0448856717086e-06	0	0	0	0	0	0	0	-0.0319200320504637	0	0
path:hsa00100	Steroid biosynthesis	0	1.47768881562053e-13	7.90892347856364e-13	3.74530853710442e-09	0	0	0	0	0	0	0	0	0	3.39868427592721e-13	0	-1.05910187827504e-06	0	0	4.21265487982574e-13	5.11261362844236e-05	0	-0.103163715559472	2.27667720844727e-05	6.96732376847813e-10	0	4.85913216789264e-08	0	0	0	0	0	0	0	0.000706344429476083	0	0
path:hsa00120	Primary bile acid biosynthesis	0	0	5.41298116877381e-11	1.18683102335515e-11	0	0	0	0	0	0	0	0	0	0	0	0	0	0	0	-0.0165167317935037	0	-0.0993202688840806	0.00756981375417199	-0.000197298958010038	0	-0.000493924322328131	0	0	0	0	0	0	0	0.019893730702033	0	0
path:hsa00130	Ubiquinone and other terpenoid-quinone biosynthesis	0	0	0	0.26815277518077	0	0	0	0	0	0	0	0	0	0	0	0	0	0	0	0	0	0	-2.25677387641473e-11	0	0	2.59661958737652e-15	0	0	0	0	0	0	0	-9.67185028084524e-12	0	0
path:hsa00140	Steroid hormone biosynthesis	0	1.74331458563469e-06	3.2245193049704e-10	1.4670038495561e-06	0	0	0	0	0	0	0	0	0	4.00962354695981e-06	0	-2.35705096243447e-11	0	0	4.96991153929892e-06	-0.0532878732241176	0	-0.103870771177913	-0.010670478019452	-0.000393949272295729	0	-0.000985454584618293	0	0	0	0	0	0	0	0.00944115853614991	0	0
path:hsa00190	Oxidative phosphorylation	0	0	4.26008897877706e-22	5.69371237916527e-17	0	0	0	0	0	0	0	0	0	0	0	0	0	0	0	6.61173939544379e-11	0	-0.229655366509748	7.5168777660162e-05	-4.0490994847943e-07	0	-1.10399710084408e-06	0	0	0	0	0	0	0	0.00842215784804169	0	0
path:hsa00220	Arginine biosynthesis	0	-2.03641461360902e-15	4.04278057253772e-08	0.435066719450267	0	0	0	0	0	0	0	0	0	-4.68375361130077e-15	0	1.45955665321481e-08	0	0.00327015579488744	-5.80549292157027e-15	-0.0720312257757807	-4.69010840554109e-05	-0.394727905014037	-0.000626812881456343	5.37722971681945e-06	0	1.29276699668151e-05	0	0	0	0	0	0	0	-0.0469667941211828	0	0
path:hsa00230	Purine metabolism	0	4.30475316007447e-06	-2.70074011384607e-08	-5.44638815579791e-07	0	-0.269950132867196	0	0	0	-0.0971836591369034	0	0	0	9.90093226817128e-06	0	-0.0443040119045833	-9.67907659778103e-05	0.000285793865931537	4.98860501505129e-06	-0.026735104112664	0.0172093222651643	-0.305511818702292	-0.0331779586278181	2.25090297478445e-06	0	-1.88515737863498e-06	0	0	0	0	0	0	0	-0.0362851461955545	0	0
path:hsa00232	Caffeine metabolism	0	0	0	6.77543220467531e-08	0	0	0	0	0	0	0	0	0	0	0	0	0	0	0	0	0	3.55316622725544e-16	-1.46724250207105e-08	1.95857526586448e-14	0	-1.19047982200083e-09	0	0	0	0	0	0	0	-6.41927594781825e-15	0	0
path:hsa00240	Pyrimidine metabolism	0	0	-3.02989558287122e-13	4.10023851352934e-09	0	0	0	0	0	0	0	0	0	0	0	0	0	0	0	-0.0531830073454584	0	-0.104008836775869	-0.0170750634883054	-0.000199864494082172	0	-0.000500114123191641	0	0	0	0	0	0	0	0.0099152678177919	0	0
path:hsa00250	Alanine, aspartate and glutamate metabolism	0	0.000471332172429087	3.08985174463212e-09	0.43900444870021	0	0	0	0	0	0	0	0	0	0.0010840639965869	0	1.12273588708832e-09	0	0.000251550445760572	-4.46576378582329e-16	-0.00716183270758839	-3.60777569657006e-06	-0.111761221127912	0.00751137249789371	-0.000195065247320274	0	-0.00048855688815104	0	0	0	0	0	0	0	-0.00206241295912824	0	0
path:hsa00260	Glycine, serine and threonine metabolism	0	-1.94634242877632e-15	4.56654047776829e-10	6.73399453042415e-14	0	0	0	0	0	0	0	0	0	-4.47658758618554e-15	0	1.39499933970724e-08	0	0.00312551428857511	-5.54871150388543e-15	2.06453301788387e-05	-4.48266130298831e-05	0.000343170824330451	-0.00065469839528099	4.05090600847455e-07	0	8.72356709145478e-07	0	0	0	0	0	0	0	-0.000455734896678042	0	0
path:hsa00270	Cysteine and methionine metabolism	0	-0.00170256444140492	-9.69672516748194e-09	0.527634687258352	0	0	0	0	0	-0.17816708769235	0	0	0	-0.00479933373195251	0	-0.574849112387131	0	0.0122057307291945	9.58212434160935e-06	-0.0680430972593674	-0.000243015966357497	-1.19813763676164	-1.00068696240358	-0.00198952351925837	0	-0.00298747209054565	0	0	0	-9.964956076543e-08	0	0	0	-0.389669021388468	-3.32165202551433e-08	-2.21443468367623e-08
path:hsa00280	Valine, leucine and isoleucine degradation	0	4.11749585369843e-06	-3.7267862317689e-13	0.0080488754093108	0	0	0	0	0	0	0	0	0	9.47024046350637e-06	0	0	0	0	0	-5.04112179887914e-05	0	-0.101461069571581	0.000162722452146267	-9.34695186072269e-07	0	-2.41923982544634e-06	0	0	0	0	0	0	0	0.0162816722684462	0	0
path:hsa00290	Valine, leucine and isoleucine biosynthesis	0	0	0	0	0	0	0	0	0	0	0	0	0	0	0	0	0	0	0	0	0	0	0	0	0	-2.07550205083547e-17	0	0	0	0	0	0	0	0	0	0
path:hsa00310	Lysine degradation	0	0.00716119370803235	2.12615672136518e-10	0.000469668881294179	0	0	0	0	0	0	0	0	0	0.0164707455284744	0	-0.043384842782228	0	0	-9.76725670568708e-07	-0.295916175302754	0	-9.51971317822487	-0.219274210171354	0.000379302552037966	0	0.000538233625804075	0	0	0	0	0	0	0	-0.0205647006169685	0	0
path:hsa00330	Arginine and proline metabolism	0	0.00072687289786566	3.76855276028321e-08	0.499800677194275	0	0	0	0	0	0	0	0	0	0.00167180766509102	0	-0.0542310400049544	0	0.00301860534912687	2.15707912525832e-08	-0.0715570207083408	-4.32933083588408e-05	-0.300241410175178	-0.0857662401531565	0.000447362819790981	0	0.00112333786504081	0	0	0	0	0	0	0	-0.0254149494643553	0	0
path:hsa00340	Histidine metabolism	0	0.00358076815888691	2.62856054311699e-13	-3.70778450147881e-12	0	0	0	0	0	0	0	0	0	0.0082357667654399	0	0	0	0	0.0102081983017007	0.000192271089684449	0	0.001115133935348	-0.000235387657875076	0.000169687259392796	0	9.61578123536338e-06	0	0	0	0	0	0	0	0.0107049370235271	0	0
path:hsa00350	Tyrosine metabolism	0	0.00358076815888691	-3.21182882205965e-10	7.2774316995096	0	0	0	0	0	0	0	0	0	0.0082357667654399	0	0	0	0	0.0102081983017007	0.000192278020464569	0	-0.0925786940764922	-0.00032680567190769	0.00016987917052325	0	1.03075031017855e-05	0	0	0	0	0	0	0	0.0190438909945724	0	0
path:hsa00360	Phenylalanine metabolism	0	0.00358076815888691	-3.21182884440088e-10	8.43840633709115	0	0	0	0	0	0	0	0	0	0.0082357667654399	0	0	0	0	0.0102081983017007	0.000192278082291471	0	-0.0928904486927286	-0.000342221676134797	0.000170277276125394	0	1.12438811995975e-05	0	0	0	0	0	0	0	0.0107703763656763	0	0
path:hsa00380	Tryptophan metabolism	0	0.00358453496361658	3.2211348726401e-10	0.000583110592241664	0	0	0	0	0	0	0	0	0	0.00824443041631814	0	0	0	0	0.0102189368605624	0.000365160001626541	0	-0.30537242811671	-0.0201086048120481	-1.90549068789065e-05	0	-0.000470926657640507	0	0	0	0	0	0	0	-0.00486394070985187	0	0
path:hsa00400	Phenylalanine, tyrosine and tryptophan biosynthesis	0	0	0	1.73458695757562	0	0	0	0	0	0	0	0	0	0	0	0	0	0	0	0	0	0	-2.78993332688822e-11	0	0	1.64892699477873e-11	0	0	0	0	0	0	0	-1.19568104598606e-11	0	0
path:hsa00410	beta-Alanine metabolism	0	0.0035848856547406	-6.81182480516355e-13	0.0115695168015572	0	0	0	0	0	0	0	0	0	0.00824523700590341	0	0	0	0	0.0102081983017007	-0.0530563501498397	0	-0.101937189107531	-0.0187137388403342	-2.82968862165231e-05	0	-0.000485768137060714	0	0	0	0	0	0	0	0.00563601173917466	0	0
path:hsa00430	Taurine and hypotaurine metabolism	0	-2.6039221215254e-06	-1.86529214541061e-06	0.0500679451058941	0	0	0	0	0	0	0	0	0	-4.34021560054966e-08	0	0	0	0	0	-1.00813683533846e-07	0	-1.2006944055395e-07	-6.63524011502126e-08	-5.10308373222377e-11	0	-6.05474608079784e-11	0	0	0	-1.57384025033901e-05	0	0	0	-1.52326512428188e-06	-5.24613416779669e-06	-3.49742277853114e-06
path:hsa00440	Phosphonate and phosphinate metabolism	0	0	0	0	0	0	0	0	0	0	0	0	0	0	0	0	0	0	0	0	0	0	0	0	0	-2.40215093724569e-10	0	0	0	0	0	0	0	0	0	0
path:hsa00450	Selenocompound metabolism	0	-0.00461402763217395	-2.431477467362e-12	3.53877799040014e-14	0	0	0	0	0	0.0104298914971417	0	0	0	-0.0106122635540001	0	0	0	0	-6.93403061984209e-06	-4.65862254941062e-07	0	-0.000158591564765673	0.0098576438798023	-0.00025433835577164	0	-0.000636383436216711	0	0	0	0	0	0	0	0.000272734071481021	0	0
path:hsa00470	D-Amino acid metabolism	0	0	0	9.310860251456e-05	0	0	0	0	0	0	0	0	0	0	0	0	0	0	0	0	0	-0.0978522739400259	0.00764572631426772	-0.000196911845779596	0	-0.000492898855972497	0	0	0	0	0	0	0	-2.14375102565e-05	0	0
path:hsa00480	Glutathione metabolism	0	-0.00449011171728271	-0.000418074812373317	2.46187223219861e-09	0	0	0	0	0	0.00883473162110825	0	0	0	-0.00899464334223529	0	1.36687990908061e-09	0	0.000306251233602326	-5.48626599036686e-07	-0.0544002933417672	-4.39230292076966e-06	-0.00381320697074931	0.0030983328236654	-0.00021291904584318	0	-0.000539943034032289	0	0	0	-0.00352750660812785	0	0	0	0.0341560048495692	-0.00117583553604262	-0.000783890357361743
path:hsa00500	Starch and sucrose metabolism	0	-3.58044411057368e-15	7.72710530315031e-07	4.23952801568402e-11	0	0	0	0	0	0	0	0	0	-8.23502145431945e-15	0	2.56620679704812e-08	0	0.00574961993408237	-1.02072744916985e-14	8.60177479920802e-05	-0.000146783431862239	-0.200308191917498	-0.0956788277316379	5.89254091428474e-07	0	5.96273484220674e-07	0	0	0	0	0	0	0	0.0163742274521081	0	0
path:hsa00510	N-Glycan biosynthesis	0	0	5.7151299183502e-11	3.82707756301685e-10	0	0	0	0	0	0	0	0	0	0	0	0	0	0	0	-0.0171484153702574	0	-0.206454637911873	0.00428346018255741	-0.000264759528498225	0	-0.000662492307566231	0	0	0	0	0	0	0	-0.015576524988562	0	0
path:hsa00512	Mucin type O-glycan biosynthesis	0	-0.00447832093711002	-4.09701856051678e-13	1.2414937749015e-13	0	0	0	0	0	0.0101231299825199	0	0	0	-0.010300138155353	0	0	0	0	-6.73008854278792e-06	7.04380576568266e-05	0	-0.20426443371507	0.0179885205230719	-0.000461760013313516	0	-0.00115533067552372	0	0	0	0	0	0	0	-0.0155310094585524	0	0
path:hsa00513	Various types of N-glycan biosynthesis	0	0	5.69386523795399e-11	3.02945776480314e-13	0	0	0	0	0	0	0	0	0	0	0	0	0	0	0	-0.0170806108381425	0	-0.203577908502496	0.000206788993429936	-6.92941473985402e-06	0	-1.78035576538424e-05	0	0	0	0	0	0	0	-0.0155578575622744	0	0
path:hsa00515	Mannose type O-glycan biosynthesis	0	0	-7.80075031867819e-10	2.07062392216427e-14	0	0	0	0	0	0	0	0	0	0	0	0	0	0	0	-0.00017118218009539	0	-0.00173303668205907	0.0183392663415848	-0.000477998058283055	0	-0.00119480768113627	0	0	0	0	0	0	0	0.000191392801234485	0	0
path:hsa00520	Amino sugar and nucleotide sugar metabolism	0	-3.34704225560969e-15	7.84210588735143e-10	7.67541977620085e-07	0	0	0	0	0	0	0	0	0	-7.6981971879023e-15	0	2.39892100563375e-08	0	0.00537481392775773	-9.54188306903857e-15	9.49581223809024e-05	-7.70864190024424e-05	-0.0970518804796982	-0.0897098081254649	1.3572976285418e-07	0	5.96863910854792e-07	0	0	0	0	0	0	0	2.49355134309999e-05	0	0
path:hsa00524	Neomycin, kanamycin and gentamicin biosynthesis	0	-3.15800912387369e-15	7.4002685969903e-10	-1.50088975965848e-14	0	0	0	0	0	0	0	0	0	-7.26342098490949e-15	0	2.26343554837005e-08	0	0.00507125698653314	-9.00297979221973e-15	9.98407845253079e-05	-7.27327580428524e-05	-0.0969430773847721	-0.0848608937134038	2.03506849306715e-07	0	6.78494316872675e-07	0	0	0	0	0	0	0	1.58131043506628e-05	0	0
path:hsa00531	Glycosaminoglycan degradation	0	0.000110577104517164	-6.74065936784238e-12	-1.1842014998254e-13	0	0	0	0	0	-0.0189666963352492	0	0	0	0.000254327340389477	0	-0.000810711237031958	0	0	0.000315237669810487	7.87096001787191e-05	0	-0.0127991685332935	-0.00033446283190806	5.59428133786243e-06	0	1.14103431459109e-06	0	0	0	0	0	0	0	-0.000387268065363545	0	0
path:hsa00532	Glycosaminoglycan biosynthesis - chondroitin sulfate / dermatan sulfate	0	0	0	9.24738465703224e-12	0	0	0	0	0	0	0	0	0	0	0	0	0	0	0	0	0	-4.24530016833547e-10	-3.92546955974467e-08	7.78276287170002e-12	0	5.79814715614204e-11	0	0	0	0	0	0	0	-9.73382794606497e-12	0	0
path:hsa00534	Glycosaminoglycan biosynthesis - heparan sulfate / heparin	0	0	0	9.2250081005509e-12	0	0	0	0	0	0	0	0	0	0	0	0	0	0	0	0	0	-4.23502751260413e-10	-3.91597082095774e-08	7.76393036505749e-12	0	5.78411696575433e-11	0	0	0	0	0	0	0	-9.71027430804805e-12	0	0
path:hsa00561	Glycerolipid metabolism	0	0.00362646051402409	-0.0168032842802549	0.000109433447231876	0	0	0	0	0	0.000260982895350678	0	0.000404303194386354	0	0.0083408591822554	0	-0.00050707425780103	0	0.0024252725699627	0.0103527033006262	-0.0542132448098315	-9.73378508360148e-07	-0.00465724617865062	-0.0263318609279124	7.79249434000739e-05	0	-5.24867220209885e-05	0	0	0	0	0	-0.000768896846396474	0	0.0205291836393391	0	0
path:hsa00562	Inositol phosphate metabolism	0	-0.00564385809995284	0.000628680883748457	-1.54518212541895e-11	-0.051055785998796	0	-0.144837414030118	-0.191459197495484	0	-0.0215406040244579	0	0	0	-0.0138643467920024	0	-0.0868519411591257	0.00932705304976591	-0.00444682248834765	0.0191951976977321	-0.0854408027634275	-7.34517462292596e-05	-1.22168377528068	-0.0709576318567161	-0.00383683571646427	0	-0.025690253417848	0	0	0	0	0	0	0	-0.0177482142189039	-0.256408226530931	0
path:hsa00563	Glycosylphosphatidylinositol (GPI)-anchor biosynthesis	0	0.00364120306452214	7.8447512134703e-13	1.91309429176091e-12	0	0	0	0	0	0	0	0	0	0.0083747670484009	0	0	0	0	0.0103804885683961	0.0002459396714993	0	0.00013700290650131	-2.71207973397569e-05	0.000172198001881646	0	8.38628359877619e-06	0	0	0	0	0	0	0	0.0104898609016307	0	0
path:hsa00564	Glycerophospholipid metabolism	0	-0.0276359552990183	-0.0397179548494099	1.83216422387246e-06	0	0	0	0	0	-0.000276922448363955	0	-0.000431256740678778	0	0.00785598483893565	0	0.00132520613745662	8.76602730241158e-05	-0.00971412594681896	0.0103766424270874	-0.0551505055272402	-7.38346103600637e-05	-0.104524349415408	0.00476228725757299	-0.000730655776040737	0	-0.00249875973345626	0	0	0	-0.189049452423559	0	0.000820156636156238	0	0.0112929717421255	-0.0630164841411863	-0.0420109894274575
path:hsa00565	Ether lipid metabolism	0	-0.0310745833083507	-0.0225170829110108	4.95606110158026e-07	0	0	0	0	0	-0.00025952358867391	0	-0.000404303194386354	0	-0.000483092606785934	0	0.00124241107056762	8.76602730241158e-05	-0.00231449628280392	3.74477219857494e-05	-0.00056392040219819	-7.38032949087126e-05	-0.0016676105291542	-0.0218670921938197	-0.000127252641431737	0	-0.000529184646092684	0	0	0	-0.187910600300525	0	0.000768896846396474	0	-0.0299591758316622	-0.0626368667668417	-0.0417579111778945
path:hsa00590	Arachidonic acid metabolism	0	-0.678712292351791	-0.451175030327289	2.27608577179276e-06	0	0	0	0	0	-0.00025952358867391	0	-0.000404303194386354	0	-0.00222505566823334	0	0.00124241107056762	8.76602730241158e-05	-0.00231449628280392	1.7338544107782e-07	-0.0538811612256638	-7.38032949087125e-05	-0.520234043135428	-0.0105591268224024	-0.000326686693652906	0	-0.00102029060650648	0	0	0	-4.41209983205585	0	0.000768896846396474	0	-0.429970755432248	-1.47069994401862	-0.845491562912146
path:hsa00591	Linoleic acid metabolism	0	-0.0346329138953907	-0.0250566894301583	4.95580242889479e-07	0	0	0	0	0	-0.000259523588673909	0	-0.000404303194386354	0	-0.000572257081463646	0	0.00124241107056762	8.76602730241158e-05	-0.00231449628280392	1.7338544107782e-07	-0.00136754235098465	-7.38032949087126e-05	-0.0989073849287675	-0.0177668529343227	-0.000117520476422738	0	-0.000496511406265	0	0	0	-0.20933853055924	0	0.000768896846396474	0	-0.0255865463928953	-0.0697795101864132	-0.0465196734576089
path:hsa00592	alpha-Linolenic acid metabolism	0	-0.0310876581677429	-0.0225170828852224	1.26405883289038e-06	0	0	0	0	0	-0.000259523588673909	0	-0.000404303194386354	0	-0.000513164783388078	0	0.00124241107056762	8.76602730241158e-05	-0.00231449628280392	1.7338544107782e-07	-0.00123350487602733	-7.38032949087126e-05	-0.0015792350014282	0.000687662406278427	7.92359546547809e-05	0	-4.56646583471542e-06	0	0	0	-0.187910600300525	0	0.000768896846396474	0	-0.0181944334039127	-0.0626368667668417	-0.0417579111778945
path:hsa00600	Sphingolipid metabolism	0	0.00371674669328183	-9.66503607640754e-10	-3.72248838530508e-12	0	0	0	0	0	0	0	0	0	0.00854851739454823	0	2.35397297030484e-05	0	0.125573982523678	0.0105958513924022	-0.0530819358606936	0	-0.0995942181917301	-0.0196176497690891	0.000894179470399485	0	-0.000502437230449973	0	0	0	0	0	0	0	0.00775343930180431	0	0
path:hsa00601	Glycosphingolipid biosynthesis - lacto and neolacto series	0	0	-4.98335144244229e-10	2.35562118856551e-13	0	0	0	0	0	0	0	0	0	0	0	0	0	0	0	-0.0170935329099553	0	-0.106573459494466	0.0215084326228298	-0.00056132596120632	0	-0.00140340830045243	0	0	0	0	0	0	0	0.02924981883671	0	0
path:hsa00603	Glycosphingolipid biosynthesis - globo and isoglobo series	0	0	-4.90589411740909e-12	1.55539364279929e-13	0	0	0	0	0	0	0	0	0	0	0	0	0	0	0	1.33255305922091e-05	0	-0.00334354681198222	0.008271962262887	-0.000213185877848562	0	-0.000532993176473655	0	0	0	0	0	0	0	0.0250266179298977	0	0
path:hsa00604	Glycosphingolipid biosynthesis - ganglio series	0	0	7.12816778747653e-13	-1.71894536756976e-16	0	0	0	0	0	0	0	0	0	0	0	0	0	0	0	5.07882275749954e-05	0	-0.000306761427832767	4.80633269850105e-05	-5.82092231389925e-08	0	-1.73986431894317e-07	0	0	0	0	0	0	0	-3.25749072143405e-05	0	0
path:hsa00620	Pyruvate metabolism	0	1.79173998526048e-06	7.73358263867263e-08	0.0090787094353879	0	0	0	0	0	0	0	0	0	4.12100196609912e-06	0	3.96161100212069e-08	0	0.00887604132881038	5.10796462184554e-06	-0.0897334170253697	-0.000191623054749937	-0.505997529511749	-0.127424646932626	7.81672669757421e-06	0	1.70404515054805e-05	0	0	0	0	0	0	0	-0.0667989215935852	0	0
path:hsa00630	Glyoxylate and dicarboxylate metabolism	0	-6.265891118797e-17	1.53313501844392e-11	0.00962445176439571	0	0	0	0	0	0	0	0	0	-1.44115495732331e-16	0	4.49094354835328e-10	0	0.000100620178304229	-1.78630551432931e-16	5.14045359144744e-05	-1.44311027862803e-06	-0.205458119967744	0.00016162230147119	-1.37941581791318e-07	0	-3.86012864904817e-07	0	0	0	0	0	0	0	-0.000429326216329941	0	0
path:hsa00640	Propanoate metabolism	0	0.000494195802959234	1.73860276594346e-09	2.36826671473497e-06	0	0	0	0	0	0	0	0	0	0.00113665034680624	0	4.44064498061171e-08	0	0.00994932323072216	5.10796461994015e-06	-0.0629174576978518	-0.000142694744350739	-0.316359378503185	-0.109260719693398	0.000204417825165883	0	0.000509156858905223	0	0	0	0	0	0	0	-0.054855592254422	0	0
path:hsa00650	Butanoate metabolism	0	0.000471332172429243	-4.05717491118328e-11	0.0118629143619783	0	0	0	0	0	0	0	0	0	0.00108406399658726	0	0	0	0	0	-0.00702589237544895	0	-0.114727569282997	9.55337787751676e-05	5.74016783740987e-07	0	5.58612368422759e-07	0	0	0	0	0	0	0	0.0176287850583299	0	0
path:hsa00670	One carbon pool by folate	0	5.92726959114679e-07	-5.09606070508552e-13	0.000139874264106027	0	0	0	0	0	0	0	0	0	1.36327200596376e-06	-0.369291781762325	0	0	0	1.68976992335844e-06	-0.0550581163280414	0	-0.101357167567311	-0.00817889016259767	0.000205393261759801	0	0.000505818292862235	0	0	0	0	0	0	0	0.0033905489993931	0	0
path:hsa00730	Thiamine metabolism	0	0.00362609433811332	-0.000339242830096321	-3.61681505558258e-12	0	0	0	0	0	0	0	0	0	0.00834001697766066	0	0	0	0	0.0103374160017222	0.000302035050486568	0	-1.06398463670385e-05	-6.14404111222265e-06	0.000171397991838818	0	5.65212944138527e-06	0	0	0	0	0	0	0	0.00956808701131951	0	0
path:hsa00740	Riboflavin metabolism	0	0	-0.00252012562217226	1.51952042915871e-12	0	0	0	0	0	0	0	0	0	0	0	0	0	0	0	0.000809397157605897	0	-0.00044595163174842	0.000190426394665196	-5.88455933076646e-07	0	-2.00733598031083e-05	0	0	0	0	0	0	0	-0.00974663926006006	0	0
path:hsa00750	Vitamin B6 metabolism	0	-4.69941833909775e-17	1.10030972812094e-11	3.24798877111326e-17	0	0	0	0	0	0	0	0	0	-1.08086621799248e-16	0	3.36820766126495e-10	0	7.54651337281718e-05	-1.33972913574699e-16	5.50435972642294e-09	-1.08233270897102e-06	-5.01346370330094e-08	-2.40373221113923e-09	2.00221884661113e-11	0	6.44217902353808e-11	0	0	0	0	0	0	0	2.4099295339269e-08	0	0
path:hsa00760	Nicotinate and nicotinamide metabolism	0	-0.01073707453611	-3.27877120319702e-05	3.40430614724714e-13	0	0	0	0	0	-0.0971820478321907	-3.64432679370716	0	0	-0.024695271433053	0	2.2979259948214e-05	0	0	1.49097254777006e-05	-0.018227781449081	0	-0.489443860336062	-0.0295356605836945	-0.00212941583205101	0	-0.00185750117534635	0	0	0	0	0	0	0	-0.405081324450954	0	0
path:hsa00770	Pantothenate and CoA biosynthesis	0	0	-3.98838575720885e-13	0.00776065467366734	0	0	0	0	0	0	0	0	0	0	0	0	0	0	0	-0.0531942030889168	0	-0.102590074016051	-0.0171515049266442	-0.000199432260904392	0	-0.000498530134172334	0	0	0	0	0	0	0	-0.00488861404475282	0	0
path:hsa00780	Biotin metabolism	0	0	3.12363427327008e-14	1.62833168323181e-06	0	0	0	0	0	0	0	0	0	0	0	0	0	0	0	3.70548372790592e-06	0	-0.000772857925880381	-0.00147990432331363	-2.70731566840303e-07	0	-6.86798044208755e-07	0	0	0	0	0	0	0	0.00551708370710117	0	0
path:hsa00785	Lipoic acid metabolism	0	0	5.37337288845605e-16	2.80147706990288e-08	0	0	0	0	0	0	0	0	0	0	0	0	0	0	0	6.37429187077568e-08	0	-1.32952053320691e-05	-0.00157969873888714	-4.65721152816191e-09	0	-1.1806174079219e-08	0	0	0	0	0	0	0	9.4909425821564e-05	0	0
path:hsa00790	Folate biosynthesis	0	0.00369554799120489	-5.91218703008909e-05	0.00360117126869447	0	0	0	0	0	0	0	0	0	0.00849976037977123	-0.369291781762325	0	0	0	0.0105354172774475	-0.054895645709353	0	-0.0016705935231807	-0.00821527892981996	0.000379304054152355	0	0.000511964955358472	0	0	0	0	0	0	0	0.0238931646167024	0	0
path:hsa00830	Retinol metabolism	0	0	1.87010076562094e-12	1.17997589316726e-07	0	0	0	0	0	0	0	0	0	0	0	0	0	0	0	0.000154809594279756	0	-0.0970573999770914	-0.0197418689294051	-0.000194842609184928	0	-0.00048719466018968	0	0	0	0	0	0	0	-0.00527777126282471	0	0
path:hsa00860	Porphyrin metabolism	0	0.00358076815888541	-8.52470255286156e-05	3.45174645190078e-08	0	0	0	0	0	0	0	0	0	0.00823576676543645	0	1.07782645160478e-08	0	0.0024148842793015	0.0102081983016964	-0.0541481672118611	-3.46346466870726e-05	-0.104233088114291	-0.0110078244738389	0.00144295117613142	0	0.000513021946301664	0	0	0	0	0	0	0	0.0287550580086801	0	0
path:hsa00900	Terpenoid backbone biosynthesis	0	6.25910206798623e-09	-3.30902908487509e-10	0.000466163736699338	0	0	0	0	0	0	0	0	0	1.43959347563683e-08	0	-0.0448607764127637	0	0	1.78437006433977e-08	-0.056021388390281	0	-0.208193814994826	-0.000712702038440375	-2.20048223783081e-06	0	-5.60202454447545e-06	0	0	0	0	0	0	0	-0.000685581107505082	0	0
path:hsa00910	Nitrogen metabolism	0	0	0	0	0	0	0	0	0	0	0	0	0	0	0	0	0	0	0	0	0	0	-0.027642560441365	0	0	-6.78957620604416e-11	0	0	0	0	0	0	0	-0.0118467653655416	0	0
path:hsa00920	Sulfur metabolism	0	0	0	0	0	0	0	0	0	0	0	0	0	0	0	0	0	0	0	0	0	0	0	0	0	0	0	0	0	0	0	0	0	0	0	0
path:hsa00970	Aminoacyl-tRNA biosynthesis	0	-0.000133845217445414	3.35891000268788e-10	0.0245180074907531	0	0	0	0	0	0.000306761514621814	0	0	0	-0.000307844000124451	0	0	0	0	5.10283340265161e-06	-0.000293054952203503	0	-0.104976950008013	-0.0256355160095983	-1.22898886368466e-05	0	-3.13334337884806e-05	0	0	0	0	0	0	0	-0.0171640445397499	0	0
path:hsa00980	Metabolism of xenobiotics by cytochrome P450	0	0.00358425478805818	3.22457686201094e-10	4.96409289261037e-06	0	0	0	0	0	0	0	0	0	0.00824378601253381	0	0	0	0	0.0102181381247793	0.000300065378178159	0	-0.197692317873576	-0.00889467147392316	-0.00023378841359699	0	-0.000999724649480144	0	0	0	0	0	0	0	0.0122830605299257	0	0
path:hsa00982	Drug metabolism - cytochrome P450	0	0.00358076815888691	9.71485138877104e-13	0.00150762071069588	0	0	0	0	0	0	0	0	0	0.0082357667654399	0	0	0	0	0.0102081983017007	0.000289661374974865	0	-0.0983264243905835	-0.00921876875588323	-0.00023332154418303	0	-0.000997347694229544	0	0	0	0	0	0	0	0.0217517068771809	0	0
path:hsa00983	Drug metabolism - other enzymes	0	6.2134822029368e-09	-3.27707750092888e-10	1.09517631256842e-07	0	0	0	0	0	0	0	0	0	1.42910090667547e-08	0	-0.0445338057796387	0	0	1.77136456919858e-08	-0.053042036246141	0	-0.205343605491169	-0.00975381433037382	-0.000405384544021809	0	-0.00101305014464557	0	0	0	0	0	0	0	-0.0207734204782578	0	0
path:hsa01040	Biosynthesis of unsaturated fatty acids	0	-0.113053999057692	-0.0809850397243389	1.9860358922534e-08	0	0	0	0	0	0	0	0	0	-0.00188438327843413	0	0	0	0	0	-0.00440883856215953	0	-0.00528272088108852	-0.158215754614826	-2.22858997171073e-06	0	-6.13336813644718e-06	0	0	0	-0.68331127382009	0	0	0	-0.0660454447760138	-0.227770424606697	-0.151846949737798
path:hsa01100	Metabolic pathways	0	-0.681439427067248	-0.469249029975862	10.1129275585264	-0.051055785998796	-0.269950132867196	-0.144837414030118	-0.191459197495484	0	-0.123876397300331	-3.64432679370716	6.61280077759304e-20	0	-0.0119403543695463	-0.369291781762325	-0.577729860269146	0.00931792255681223	0.184495262747837	0.0203207966623734	-0.359208194191925	0.0160293033381948	-9.77750273000786	-1.20132240031655	-0.00611250694829408	0	-0.0307200559035755	0	0	0	-4.4053249081609	0	0	0	-1.10982054475791	-1.72484986258456	-0.843986024268823
path:hsa01200	Carbon metabolism	0	0.00500791311700584	4.49625485635916e-09	0.439674456257604	0	0	0	0	0	0	0	0	0	0.0115182001691134	0	1.49171452638651e-07	0	0.0334220593084623	6.41207331055292e-06	-0.0910316741711322	-0.00047934438334155	-0.339892834590519	-0.136829507945449	-0.000177249325490179	0	-0.000460311332140733	0	0	0	0	0	0	0	0.0353587403951169	0	0
path:hsa01210	2-Oxocarboxylic acid metabolism	0	1.89896767363421e-06	-5.20500927328467e-13	0.430700960560464	0	0	0	0	0	0	0	0	0	4.36762564935869e-06	0	0	0	0	5.41365364101182e-06	0.00010301306866688	0	0.000274542579369363	-0.0029820699264541	5.43215386557747e-06	0	5.82044831744432e-06	0	0	0	0	0	0	0	-0.000399513226655943	0	0
path:hsa01212	Fatty acid metabolism	0	-0.00357902484430128	-1.07590345391221e-05	0.000560724529571688	0	0	0	0	0	0	0	0	0	-0.00823175714189295	0	0	0	0	4.96991153928955e-06	-0.0148612440332159	-0.000144723345085268	-0.306054110865628	-0.0985388821564881	-0.000663743926327234	0	-0.000507010591624425	0	0	0	0	0	0	0	-0.0175609270001435	0	0
path:hsa01230	Biosynthesis of amino acids	0	0.00523568562634213	1.49516226920902e-08	0.447568258690529	0	0	0	0	0	0	0	0	0	0.0120420769405869	0	-0.0433846947728747	0	0.0331616894506152	6.42932994830435e-06	0.00386183711425624	-0.000475610118262353	-0.00566481048012738	-0.0413217548225572	-0.00042322086395742	0	-0.0010131933054262	0	0	0	0	0	0	0	-0.0125707994947333	0	0
path:hsa01232	Nucleotide metabolism	0	6.18142089126014e-09	-3.25391966714643e-10	2.43633306708567e-09	0	0	0	0	0	0	0	0	0	1.42172680498983e-08	0	-0.0443040131801566	0	0	1.76222440114286e-08	0.000121752684407143	0	-0.104196016164156	-0.000454149945648063	-8.75915717792507e-07	0	-2.75063893904224e-06	0	0	0	0	0	0	0	-0.00947462472034202	0	0
path:hsa01240	Biosynthesis of cofactors	0	0.0088749063489167	-0.00126244391386037	0.268849817984587	0	0	0	0	0	0	0	0	0	0.0204123652712004	-0.369291781762325	-0.0433848424454073	0	7.54651337281718e-05	0.0103813672763667	-0.0500618528895315	-1.08233270897102e-06	-0.20231856313081	-0.0290772413504259	0.000150156297258385	0	-2.89784646274317e-05	0	0	0	-2.13534773068779e-07	0	0	0	0.00264408223901997	-7.11782576895929e-08	-4.7452171793062e-08
path:hsa01250	Biosynthesis of nucleotide sugars	0	-3.34704225560969e-15	7.84286712249904e-10	7.6754197757765e-07	0	0	0	0	0	0	0	0	0	-7.6981971879023e-15	0	2.39892100563375e-08	0	0.00537481392775773	-9.54188306903857e-15	9.5048809337132e-05	-7.70864190024424e-05	-0.0970496054571808	-0.089712010281548	1.92751852251946e-07	0	7.39434443328499e-07	0	0	0	0	0	0	0	1.7835640172792e-05	0	0
path:hsa03015	mRNA surveillance pathway	0	-0.00358078891263198	-0.00763629277010429	6.57321274765427e-10	0	0	0	0	0	0.0080985039860159	0	0	0	-0.00823581449905356	0	0	0	0	-5.91656135629697e-08	-0.053518416655357	0	-0.29804244357279	0.0193757895818685	-0.000585063583896706	0	-0.00147404782982391	0	0	0	0	0	0	0	-0.0138097264682987	0	0
path:hsa03018	RNA degradation	0	0	1.04438106862722e-13	6.80355955266523e-14	0	0	0	0	0	0	0	0	0	0	0	0	0	0	0	1.69628489532171e-06	0	-0.0985070758113117	0.00241647638437034	-0.000203985415684688	0	-0.000509514876015189	0	0	0	0	0	0	0	0.000119576568176508	0	0
path:hsa03250	Viral life cycle - HIV-1	0	0.000367823586675242	-3.26625846122993e-10	-2.75654101991483e-11	0	0	-0.441736581055413	0	0	-0.0977422210328046	0	0	0	-0.970974484072555	0	0	0.111924636597191	0	-0.173544872244764	1.9607203854354e-07	0	-0.0955776823425556	-0.0552337878777519	-0.000607598600960906	0	-0.00151901038512441	0	0	0	0	0	0	0	-0.0275131762238346	0	0
path:hsa03320	PPAR signaling pathway	0	0.00692837132272917	-0.000503275920924582	0.000334774862859371	0	0	-0.0176694632422165	0	0	-0.18661898094321	0	0	0	0.0175486278832412	0	-0.043384842782228	0	0	-0.00208607700739364	-0.0721320894802295	-0.00018492427427562	-0.997955877131192	-0.0521020377729767	-0.000143912400104315	0	-0.00161193034155196	0	0	0	-0.00427069546137557	0	0.572059253718976	0	0.00500560988970777	-0.00142356515379186	-0.000949043435861238
path:hsa03440	Homologous recombination	0	-9.37903247069693e-05	-7.35551196663164e-10	-2.71547088898152e-11	0	0	0	0	0	0.0161970079720318	0	-0.161970079720318	0	-0.000215717746826031	0	0	0	0	-5.63256641119482e-06	-0.0602495205289578	0	-0.473759996600667	0.0171376957056479	0.0739609923039993	0	-0.00198230842918527	0	0	0	0	0	0	0	0.00599191620373637	0	0
path:hsa03460	Fanconi anemia pathway	0	-0.0143827811633899	-1.46253020511795e-09	-3.07031902764099e-11	0	0	0	0	0	0.0566895279021113	0	0	0	-0.0330803966757966	0	2.35397297030484e-05	0	0.125573982523678	0.0102997274965195	-0.0824509620373907	0	-0.675018226739618	0.116466604623585	-0.00187161208572087	0	-0.00508806252849216	0	0	0	0	0	0	0	-0.021026330638793	0	0
path:hsa04010	MAPK signaling pathway	0	-0.213285274934286	-1.1698272459609	0.000114757401190963	-0.323940159440636	0	-0.588982108073884	0	0	-0.892472150750057	0	-0.513710452619057	0	0.204592699932779	0	-0.263297622362629	0.469539034519434	-0.0614960851722078	0.0230418539893032	-0.938339981234583	-0.0543112960329929	-4.02120130964071	-0.628005402842265	0.259200372789082	0	-0.0678338264852432	-0.809850398601591	0	0	-0.0911793481003686	0	0.932961126349709	0	-0.317655956492318	-0.0303931160334561	-0.62764987630683
path:hsa04012	ErbB signaling pathway	0	0.00781037628785479	-0.396444842515918	8.57199256687754e-08	-0.0134975066433598	0	0	0	0	-0.349926840407222	0	-0.213875542906949	0	0.152070884455432	-0.242955119580477	-0.956794708737568	0.122114772034482	0.115716620397092	0.0149751358196234	-0.239387928202529	-0.187090572479417	-3.89660381176225	-0.0811239813261202	-0.749647298041443	0	-2.45814641385393	-0.0323940159440636	0	0	0	0	0.0976128012812086	0	-0.29063784165889	0	-0.0242955119580477
path:hsa04014	Ras signaling pathway	0	-0.0259381316388588	-1.1940304218483	1.85271776302533e-05	-0.175467586363678	0	-0.000929971749590343	0	0	-0.648272152318481	0	-0.652220959018408	0	0.0725512293522677	0	-0.139149711039169	0.115202034269394	-0.0662678384958561	0.0238283147842266	-0.205517762077154	-0.187708593021827	-3.10647347489366	-0.142819250907575	0.251688277882322	0	0.796238029343462	-0.842244414545655	0	0	-0.187910600300525	0	0.887246000214464	0	-0.337122324182107	-0.105260571956399	-0.673441222087135
path:hsa04015	Rap1 signaling pathway	0	0.014980282723512	-0.763416996535511	-5.84072079817955e-07	-0.161970079720318	0	-0.0362688982340234	0	0	-0.222976950276369	0	-0.598948278302561	0	0.081139195189872	0	-0.620138684290994	0.133774674412438	-0.0611878991913035	-0.163912294999313	-0.184130081270507	0.00472342464036009	-3.02519461526495	-0.140942494897114	0.24096554899017	0	0.0214934135667863	-0.809850398601591	0	0	0	0	0.787033048201953	0	-0.287730288116725	-0.0426237051895574	-0.607387798951193
path:hsa04020	Calcium signaling pathway	0	0.0191136873449123	-0.796383024661557	3.43331395547329e-05	0	0	-0.00464985874795171	0	0	-0.206679703568779	0	-0.317124022253225	0	0.213355677586035	-0.303693899475597	-0.206219283116634	0.0188631443325235	0.0104633553338545	-0.513166274068803	-0.133719872167895	-0.187619479265316	-2.12125631021237	-0.00849937742642416	0.179295233197839	0	-0.00904069921713315	-0.809850398601591	0	0	-0.000553463334299603	0	0.262065675146798	0	-0.0197733865815138	-0.213303013725887	-0.60751079080326
path:hsa04022	cGMP-PKG signaling pathway	0	0.00349857067639676	0.00215278161096565	4.32050140747724e-05	-0.16983536874118	0	-0.463187369294129	-0.636882632779428	0	-0.0751381867296744	0	-0.0139388339397962	0	0.0138313751605208	-0.485910239160954	-0.0457725291737422	0.00306211035260593	-0.0907435556252116	-0.224481645079943	-1.01578669017239	-0.0240390760835304	-2.37938111955299	-0.0767230011744961	0.0801601455605639	0	-0.00740904861286298	0	0	0	-4.47366471179126e-08	0	0.026508634132907	0	-0.0492515419815175	-1.49122157061956e-08	-9.94147713724588e-09
path:hsa04024	cAMP signaling pathway	0	-0.00646915687086361	0.00113415224042185	0.000264879583004658	-0.176877546120325	-0.269950132867196	-0.483323279350476	-0.663290797951217	0	-0.124783895827879	0	-0.324941291160069	0	-0.00779983357549852	-0.242955119580477	-0.172270848940671	0.00190003053028336	-0.00506872664809972	-0.190796707707026	-0.205919144491513	-0.193831867937359	-2.76477068308	-0.0990795725542865	0.146627666886727	0	-0.0133114234947685	0	0	0	-0.00576543887285702	0	0.00190393504821984	0	-0.308625784385221	-0.0445455181471764	-0.00128120863841267
path:hsa04060	Cytokine-cytokine receptor interaction	0	-0.584425394804909	-0.328197913686102	6.91074339945848e-08	-0.281316454251079	0	0	0	0	-0.191986397308311	0	0	0	-0.0901513596608398	-0.242955119580477	-0.998532959431421	0.133438191372462	0.460995266867724	-0.278168927292219	-0.489465454343399	-0.337180129642957	-2.34118217240293	-0.986462861543862	0.00308283336556901	0	-0.0545222837322135	0	0	0	0	0	0.898950255844104	0	-0.393932657684309	0	0
path:hsa04061	Viral protein interaction with cytokine and cytokine receptor	0	-0.577039221017521	-0.323281417260758	6.38469816483035e-08	-0.272791713213167	0	0	0	0	-0.159994638955682	0	0	0	-0.114686398569057	0	-0.563949198099835	0.147280559918591	0.460365898712425	-0.289242644281862	-0.160520319660536	-0.0135471118957803	-1.44290112959346	-0.0572245503177095	0.07762417608182	0	-0.00505641349302179	0	0	0	0	0	0	0	-0.357747173017221	0	0
path:hsa04062	Chemokine signaling pathway	0	-0.0540739363676305	-0.0388915348025822	1.9105446733987e-05	-0.448259299576845	0	-0.441736581055413	-0.607387798951193	0	-0.560396594103187	0	-0.174033421547503	0	-0.11752524014672	0	-0.179601290290026	0.265519066683167	0.20482151433591	-0.277266082032257	-0.196002221435657	0.00483165995754145	-3.45254715107391	-0.163062242209065	0.156082008822271	0	-0.0129028698933944	-0.0323940159440636	0	0	0	0	0.0218417416102103	0	-0.47315806532906	0	-0.0242955119580477
path:hsa04064	NF-kappa B signaling pathway	0	-0.267931441351461	-0.32356371842475	-1.64696163014671e-10	-0.161970079720318	0	-0.441736581055413	0	0	-0.0309295631481733	0	0	0	-0.07065346384682	0	-0.182169271641754	0.111924636597191	0.248590239573755	0.0207214296082774	-0.307930590126953	-0.00021816580852035	-2.60717737163773	-1.32591100428717	0.14629105982498	0	0.789304233707883	0	0	0	-0.303693899475597	0	0	0	-0.123343798244501	-0.101231299825199	-0.607387798951193
path:hsa04066	HIF-1 signaling pathway	0	0.000986445575550189	-0.695042045773756	-1.88375266191645e-10	-0.161970079720318	0	0	0	0	-0.348911914697248	0	-0.213104807543659	0	0.127764083994079	-0.242955119580477	-0.796478243517434	0.111924636597191	0.254266051962469	0.0206639039955765	-0.117337624073482	-0.212021774906495	-3.28589311265991	-0.259052121766355	-0.753061972714147	0	-2.45676877050208	0	0	0	0	0	0.66930639772036	0	-0.125243400803267	0	0
path:hsa04068	FoxO signaling pathway	0	-0.239468599049178	-0.00870795592535617	3.73375951527083e-05	-0.161970079720318	0	-0.147245527018471	0	0	0.00179430538320746	0	-0.16918939566806	0	0.0195319557291119	-0.267830748159894	-0.79473555338642	0.0029453851736103	0.28760168199885	-0.15292215636443	-0.184948484795982	-0.00297497485122177	-3.38583334049221	-0.142326019392956	-1.75671475247395	0	-4.83237499302367	0	0	0	-0.809850398601591	0	0.026508634132907	0	-0.518547270487863	0	0
path:hsa04070	Phosphatidylinositol signaling system	0	-0.00200786705549848	0.000628680840799705	-1.55381971209459e-11	-0.051055785998796	0	-0.144837414030118	-0.191459197495484	0	-0.0215406040244579	0	0	0	-0.00550156738975734	0	-0.0868519426151739	0.00932705304976591	-0.0047730519726934	0.0191951976977327	-0.0325820589831171	-6.87729121227704e-05	-1.21900796622128	-0.0667341283090756	-0.00383878299187945	0	-0.0256884926477672	0	0	0	0	0	0	0	-0.0154799942685418	-0.256408226530931	0
path:hsa04071	Sphingolipid signaling pathway	0	-0.00120815545720877	-0.00921467767616074	2.40871366714738e-09	-0.161970079720318	0	-0.441736581055413	-0.607387798951193	0	-0.0956235248036153	0	-0.00183762108712878	0	0.00212241499060606	0	-0.171038011197063	0.111924636597191	-0.00944768547347721	0.0204886367463636	-0.218002361080049	-7.00944781794633e-05	-3.23713314288701	-0.124999859757868	-0.828176213038326	0	-0.978738687209366	0	0	0	0	0	0.00349475610972979	0	-0.312562028937963	0	0
path:hsa04072	Phospholipase D signaling pathway	0	0.0132476136130708	-0.387778927279428	0.000132700907520427	-0.0346240387807926	0	-0.0576178149202712	-0.0792244955153728	0	-0.123942035007569	0	-0.0398042503339633	0	0.0430989874137013	0	-0.0962869569348093	0.164835099879601	-0.0490746065394686	0.0103152162054661	-0.167074522686084	-0.0465202655890872	-2.47028225746473	-0.046554250510727	0.153891460075781	0	-0.00710213371588397	-0.0323940159440636	0	0	-4.47366471181856e-08	0	0.0745989232580315	0	-0.00771490919779873	-1.49122157060618e-08	-0.0242955218995248
path:hsa04080	Neuroactive ligand-receptor interaction	0	-0.00663312618994081	-0.00130058153168271	0.00102018049790523	-0.226758111608445	0	0	0	0	-0.160767549695122	0	0	0	-0.0134927125879225	-0.242955119580477	-3.34976638216808e-08	0.0519659325884118	-0.0075051954455062	-0.326667628674592	-0.110992590457208	-0.0182134648293356	-0.908573252149913	-0.0770153011104618	-0.974815099260418	0	-0.00363496670744309	0	0	0	-0.00934523992896091	0	0	0	0.00537070638299985	-0.0031150799763203	-0.00207671998421354
path:hsa04110	Cell cycle	0	-0.265185666530679	0.000181920427760812	-1.54494523503613e-10	0	0	-0.147245527018471	0	0	-0.0866221161277637	0	-0.234138977380916	0	-0.262061680207469	-0.683794952403948	-0.914153050656239	0.111924636597191	0.120744213965075	-0.152672339514233	-0.271664861038112	-0.00315042713190492	-3.7627077322729	-0.635224304354244	-0.766989756402906	0	-2.29616496881123	0	0	0	0	0	0	0	-0.323845660201351	0	0
path:hsa04114	Oocyte meiosis	0	-0.0418479367467183	-0.00777120760134512	-5.46568647207588e-07	0	0	-0.000929971749590343	0	0	-0.0328234142535879	0	0.0443347517420077	0	-0.0501434727743139	0.0586469379070654	-0.364595241184871	-9.67907659778103e-05	-0.00241555061269325	0.0201429509211156	-0.183247149636421	-0.180329882366143	-1.97390318160488	-0.019365250432164	0.0765810915463998	0	-0.00317662511158107	0	0	0	0	0	0	0	-0.239956142386885	-0.0426237051895574	0
path:hsa04115	p53 signaling pathway	0	-0.23801743787617	-0.000353473734463558	-1.01129507503952e-10	0	0	0	0	0	-0.0204993382146028	0	-0.158595703059478	0	-0.750912390379429	-0.00842170079339293	-0.130106012602518	0	0.572949446355267	-0.152948519897907	-0.184191021127971	-0.0468010939382722	-3.19741037960336	-0.144329732793853	-0.706457880080376	0	-2.13274060272611	0	0	0	0	0	-0.190686417906325	0	-0.0928870294953236	0	0
path:hsa04122	Sulfur relay system	0	0	0	0	0	0	0	0	0	0	0	0	0	0	0	0	0	0	0	0	0	0	0	0	0	0	0	0	0	0	0	0	0	0	0	0
path:hsa04130	SNARE interactions in vesicular transport	0	0	-8.34854982026546e-13	-2.68805627984117e-11	0	0	0	0	0	0	0	0	0	0	0	0	0	0	0	-0.0545411632701136	0	-0.103149447649076	-0.00520701065053159	0.000199991434349709	0	0.000499730137871108	0	0	0	0	0	0	0	-0.0187819339709139	0	0
path:hsa04136	Autophagy - other	0	-5.00536847647138e-05	-0.324139128512306	5.47500837187183e-11	0	0	0	0	0	1.46712028732172e-05	0	0	0	-0.000115123474958842	0	-1.17632529749724e-08	0.00932705304976591	-0.00263557223339733	-0.0032716837276848	-0.0710928980351483	0	-0.787277671957323	-0.0517420477882285	-0.000816333979505917	0	-0.0218495958043743	0	0	0	-0.809850398601591	0	0	0	-0.045816045722017	0	0
path:hsa04137	Mitophagy - animal	0	-0.00354676985629325	0.0269627483799081	-1.03300470750467e-10	0	-0.269950132867196	0	0	0	-0.137381143704806	0	0	0	-0.00904104383158532	0	-0.173491250404618	0.186541060995318	0.484444726696737	-0.376516214288824	-1.42638722809689	-6.7959474008525e-05	-3.683318667328	-0.563238152131303	0.154451162440791	0	0.380471038675316	0	0	0	-7.28865358741432	0	0	0	-0.318069263613343	0	0
path:hsa04140	Autophagy - animal	0	-0.0037043063371279	-0.275325607078488	4.06912400424094e-11	0	0	0	0	0	-0.00873042943442631	0	-0.00140543491381923	0	-0.00361873203320792	0	-0.127645307921288	0.326446856741808	0.838665802159141	-0.0904649679778082	-1.38778579359953	-0.42070947029033	-3.5396881114052	-0.111094467817619	0.0686266359277218	0	0.470776108566592	0	0	0	-1.88965093007038	0	0.00267283189461632	0	-0.330502098729909	0	0
path:hsa04141	Protein processing in endoplasmic reticulum	0	-0.0111306824981671	-4.18656436047577e-05	6.96157049578319e-11	0	0	0	0	0	-0.0803028289265545	0	0	0	-0.0264840429078953	0	-0.130154560744879	0.111924636597191	-0.00725885803954742	1.98184454230746e-05	-0.102266921243147	-0.189415572912235	-1.37808897319838	-0.0373429522947995	-0.00595523050988866	0	-1.1935078121842	0	0	0	0	0	0	0	-0.296035097263398	0	0
path:hsa04144	Endocytosis	0	-0.0164259143586231	-0.350514386116511	2.2249088953569e-06	-0.00852474103791147	0	0	0	0	-0.241957632580348	0	-0.0254037173806093	0	-0.233027171851326	-0.242955119580477	-0.085832817011936	0.00333904496659802	-1.61667184851816e-05	0.0118471087793322	-0.191590348811802	-0.000106487396717402	-2.34276945768019	-0.151699956863881	0.0741744415116304	0	-0.00864231326197656	-0.809850398601591	0	0	0	0	0.0483123518485784	0	0.157249112824707	0	-0.607387798951193
path:hsa04145	Phagosome	0	5.84790230367711e-07	0.000627852519834883	-1.45074765698454e-13	0	0	0	0	0	1.46712028732172e-05	0	0	0	1.34501752984574e-06	0	0	0.00932705304976591	0	-0.00328682461907257	-3.63301155620416e-05	0	-0.199265067502889	0.000149853371734034	-3.02692095104241e-06	0	-0.0192910775170408	0	0	0	-0.539900265734392	0	0	0	-0.000123372178931616	0	0
path:hsa04150	mTOR signaling pathway	0	-0.214274821461056	-0.357524472580251	-6.01343147310497e-11	-0.161970079720318	-0.337437666083995	0	0	0	-0.114229048062528	0	-0.0135345307454099	0	-0.00202067765728852	0	-0.0903752210983235	0.0167886954895786	0.266169838239196	-0.163074287342977	-0.204962310136391	-0.327275267409959	-2.73148653092352	-0.0629422050509709	0.0700144093902633	0	-0.0131088676399305	0	0	0	0	0	0.597798991005487	0	-0.0670726602130905	0	0
path:hsa04151	PI3K-Akt signaling pathway	0	0.00869551551249201	-1.50980887530355	3.80765252920732e-05	-0.161970079720318	0	-0.724447992930877	0	0	-0.899562016375553	0	-0.67484497240431	0	-0.0799085079108298	-0.242955119580477	-0.767976499712329	0.241647815029199	0.384324080903597	-0.262510341688169	-0.257131402775588	-0.279742670883254	-4.1562824878639	-0.107807002561801	-0.619116216886325	0	-3.6720768708678	-0.809850398601591	0	0	0	0	0.740685654960831	0	-0.563882516836705	-1.61970079720318	-0.607387798951193
path:hsa04152	AMPK signaling pathway	0	-0.021387254675056	-0.303931676630946	2.06906233541175e-05	0	0	-0.0176694632422165	0	0	-0.122083897720289	0	-0.0129377022203633	0	-0.0491906857526288	0	-0.0911092244024628	0	0.0394728770673397	0.0134560778849641	-0.13800421614545	-0.0472212658863485	-2.76662733940608	-0.862735310953695	0.0743122965925363	0	-0.0122025334078604	0	0	0	0	0	0.0246046990846872	0	-0.332664542653718	0	0
path:hsa04210	Apoptosis	0	-0.213416122263326	-0.0132274156358707	-1.09695142467748e-10	0	0	0	0	0	-0.257872265360233	0	-0.0135345307454099	0	-0.000424300857700054	-0.242955119580477	-0.519378665123498	0.111924636597191	0.594729935451702	0.0205152410689342	-0.211099582475003	-0.187005226077875	-3.4080135350489	-0.0997063832981175	0.147206996189924	0	-2.87220976452231	0	0	0	0	0	0.411782444558092	0	-0.33851261699793	0	0
path:hsa04211	Longevity regulating pathway	0	-0.00400379977201255	-0.292957333711948	-5.47347883103821e-07	0	0	0	0	0	-0.128588239611955	0	-0.0129377022203633	0	-0.0100922126377397	0	-0.133736173578354	-9.67907659778103e-05	-0.0550704918431646	0.02051559892287	-0.157742609804257	-0.04202764195342	-3.34265671111389	-0.120370315836543	0.145771168101587	0	-0.947621952248101	0	0	0	0	0	0.0246046990846872	0	-0.299136395556065	0	0
path:hsa04213	Longevity regulating pathway - multiple species	0	-0.010823912306311	-0.304768779262462	-5.4720682432391e-07	0	0	0	0	0	-0.161488412055144	0	-0.0129377022203633	0	-0.025778471466626	0	-0.133759292955741	-9.67907659778103e-05	-0.086463987474084	0.0103809842465578	-0.0570700575152268	0.00469449642744091	-2.74211718270511	-0.0697213885695673	0.0708095744501785	0	-0.0094453259545178	0	0	0	0	0	0.0246046990846872	0	-0.571414057503514	0	0
path:hsa04215	Apoptosis - multiple species	0	-0.00876145433218656	1.08716736447923e-05	8.89723153524471e-12	0	0	0	0	0	-0.0192701010024396	0	0	0	-0.0201513449640291	0	-0.0867445852960263	0	0.475214727819687	-8.94301573555256e-06	-0.160257325068347	0	-1.66101484618016	-0.0139116649776487	-0.00327292010003336	0	-2.74103491830666	0	0	0	0	0	0.163445501062565	0	-0.30988519648529	0	0
path:hsa04216	Ferroptosis	0	-0.0111610933323665	-0.000338794506218285	-1.18140214292496e-10	0	0	0	0	0	-0.13767456776227	0	0	0	-0.0254739236719085	0	-0.0433388627058025	0	0.00482976855860299	0.0203519917399302	-0.122001822897666	-0.00505534859694698	-2.04976166578169	-0.23268380514173	-0.00361365978354338	0	-0.0108137578493146	0	0	0	-0.00285899335053198	0	0	0	-0.0528967929884573	-0.000952997783510658	-0.000635331855673773
path:hsa04217	Necroptosis	0	-0.226358305555667	-0.00817188720685806	4.95483313869295e-07	0	0	0	0	0	-0.146115936590675	0	0	0	-0.00547543763932135	0	-0.130130131532205	8.76602730241158e-05	0.317604948944287	0.0203551316691609	-0.291485136997645	-0.206889259296694	-2.09099150240579	-0.139578647293083	0.0663869115751917	0	-1.57292661717456	0	0	0	-0.0854139092275113	0	0.0583733932366303	0	-0.223996275486631	-0.0284713030758372	-0.0189808687172248
path:hsa04218	Cellular senescence	0	-0.246699003551724	-0.314486563259584	-1.45445432519673e-10	0	0	-0.147245527018471	0	0	-0.103687553804829	0	-0.115759173517617	0	-0.238917200141652	-0.0248756285794163	-0.171894957479305	0.122099603560572	0.0532358909959728	0.0206206947155222	-0.930119862427336	-0.0664557647681245	-3.92958846653015	-0.602414322508517	-0.666450884898693	0	-2.186471813327	0	0	0	0	0	0.00190393504821984	0	-0.54096093149285	0	0
path:hsa04260	Cardiac muscle contraction	0	0.00362809947677092	0.000176197416912651	-5.38386143728627e-09	-0.00905422805889976	-0.269950132867196	-0.0246933492515448	-0.0339533552208741	0	-0.000493882767162364	0	0	0	0.00834462879657311	0	5.37027010385094e-15	-9.48029619371919e-07	1.2032160493077e-09	0.0103430656910517	-0.032860970173908	0	-0.103049926063949	-0.000364822118670937	0.000174602345601619	0	2.67255535469705e-05	0	0	0	0	0	0	0	0.0192878812489568	0	0
path:hsa04261	Adrenergic signaling in cardiomyocytes	0	0.00252991582178236	-0.00453483307637747	4.31633425494618e-05	-0.016096405438044	-0.269950132867196	-0.0438992875583019	-0.0603615203926651	0	-0.0575148946672216	0	0	0	0.00799689548001292	-0.72886535874143	-0.0867697169540547	0.00316081243053862	-0.00703288068654043	-0.0611047702261925	-0.183143939947676	-0.244667896173051	-1.87026720698112	-0.0703974728537285	-0.00337942293271161	0	-0.00944181992295712	0	0	0	-0.00576552994388866	0	0	0	-0.0745019079027882	-0.00192184331462955	-0.0012812288764197
path:hsa04270	Vascular smooth muscle contraction	0	-0.142181572091026	-0.102323526812003	-6.35655955702829e-08	-0.452235827329774	0	-0.438244592272366	-0.602586314374503	0	-0.0990623890760571	0	-0.00100113171943288	0	0.00253084233092133	0	0.00124007859791648	0.00882208378258833	0.00045249091157517	-0.336731698148235	-0.242929611530432	0.00480404066773332	-1.48198920774958	-0.158733935503444	0.0771924526152719	0	-0.00297931239796789	0	0	0	-0.85702185644819	0	0.00190393504821984	0	-0.104515631302023	-0.285673952149397	-0.190449301432931
path:hsa04310	Wnt signaling pathway	0	-0.013900803171497	0.00168512405308035	-6.97135703336978e-11	-0.161970079720318	-0.337437666083995	-0.441736581055413	0	0	-0.081518804895601	0	0	0	-0.0330320150889761	0	-0.529983932050479	0.12871333208677	0.118229893274273	-0.326600376837159	-0.936045657751255	-0.189429164807036	-3.73565193281106	-0.263506343868631	0.0891341440530092	0	0.224223744417493	0	0	0	0	0	0.572059253718976	0	-0.320392602863562	0	0
path:hsa04330	Notch signaling pathway	0	-0.0356319739747484	-3.27644102269151e-05	-6.13819241407638e-11	0	0	0	0	0	0.0566895279021113	0	0	0	-0.888122800568049	0	4.59477416319119e-05	0	-0.0024148842793015	0.0211493154639596	-0.119911148285758	-0.363493765585072	-2.41014855759114	-0.7492907312308	-1.49839482565374	0	-0.00603955199445695	0	0	0	0	0	0	0	-0.338049206812573	0	0
path:hsa04340	Hedgehog signaling pathway	0	-0.0251799511522851	-1.14508700087398e-05	2.21963697273785e-06	0	0	0	0	0	-0.122423787271152	0	0	0	-0.0587973608123667	0	-0.130154528348909	0.000392718023148038	-4.98428127822806e-07	0.00100288087762015	-0.119546875955046	-6.7959474008525e-05	-1.47436435475102	-0.0684883004459724	-0.00485530088595587	0	-0.00941529466960592	0	0	0	0	0	0	0	-0.0948687980604088	0	0
path:hsa04350	TGF-beta signaling pathway	0	-0.0103592973499789	-0.00763945917316773	2.79216056244351e-11	-0.161970079720318	0	-0.588982108073884	-1.21477559790239	0	-0.0946323261473971	0	0	0	-0.0247098570670622	-0.242955119580477	-0.869121602730158	0.207060577704803	-0.00738670485433398	0.0206019982649495	-0.301305141735813	-0.189450207558922	-3.40556406753472	-1.647528769182	0.078309988977348	0	0.0197952237000065	0	0	0	0	0	0.980673006375387	0	-0.0529596978647156	0	0
path:hsa04360	Axon guidance	0	-0.00882615192675403	-0.0144700388913537	1.6424737849069e-06	-0.522584435641952	-0.0224958444055997	-0.559426580154897	-0.744916035754937	0	-0.181661594602158	0	-0.338144678336744	0	-0.0212425208044526	0	-0.092814749902345	0.000290614874816263	0.123606212740698	0.0040121114533753	-0.996140925624179	-0.187209431907739	-2.79916875372575	-0.660437875168211	0.0803248007512031	0	-0.00951242438083522	0	0	0	0	0	1.25285516717263	0	-0.0536019936927805	0	0
path:hsa04370	VEGF signaling pathway	0	-0.263864170897714	-0.348966998582011	4.95557016428936e-07	0	0	0	0	0	-0.0873257816844971	0	-0.0140358667064489	0	-0.0221864514850893	0	-0.0855571593137941	8.76602730241158e-05	0.152653898963326	0.0101962631515602	-0.175742276545124	-8.96408607477824e-05	-1.90424343258993	-0.0735680473719633	-0.000220091212697354	0	-0.0174699966884378	0	0	0	-0.389107808703107	0	-0.163993248530283	0	-0.114460811896706	-0.129702602901036	-0.626368667668418
path:hsa04371	Apelin signaling pathway	0	-0.0040607526041665	-0.314735058541492	1.67934232458349e-05	-0.016096405438044	0	-0.0438992875583019	-0.0603615203926651	0	-0.0738407366801589	0	-0.00090166029859179	0	-0.00540264916426841	0	-0.130360820150456	0.201783584271385	0.209306693212302	-0.0484273048758455	-1.34195493881916	-0.182074075390983	-3.22643307036885	-0.170857961557531	0.146801001757891	0	-0.415428991615865	0	0	0	-1.07980057620543	0	0.00171476201458261	0	-0.575412281612696	-1.49122157060618e-08	-9.94147713737456e-09
path:hsa04380	Osteoclast differentiation	0	-0.0034779885088316	-0.0185964560554076	-1.13707509922428e-10	-0.0323940159440636	0	-0.588982108073884	0	0	-0.133936801219779	0	-0.000802797434830377	0	-0.0108264876890673	0	-0.181793225670174	0.111924636597191	0.14785800836945	0.0205170322914485	-0.200457757676864	-0.000441350910534065	-3.1489844773994	-0.651149021974586	0.136473107667906	0	-0.0522502194288407	0	0	0	0	0	0.00152674632431024	0	-0.331947263877417	0	0
path:hsa04390	Hippo signaling pathway	0	-0.013178578194815	-0.00640971698961091	1.88103768450292e-10	0	-0.337437666083995	-0.147245527018471	0	0	-0.183861293360408	0	9.94714208410871e-05	0	-0.0321583106275682	-0.242955119580477	-0.174227831080025	0.12311710025691	0.118084807097227	-0.15280945206886	-0.274826521548058	-0.186956397428525	-3.56884324322446	-0.290305048017312	0.088961997869607	0	0.223728571816593	0	0	0	0	0	1.79771133865457	0	-0.292750546637532	0	0
path:hsa04392	Hippo signaling pathway - multiple species	0	-0.00357365931261148	-1.09304704231632e-05	5.01647412153039e-13	0	0	0	0	0	0	0	0	0	-0.00821941641900641	0	2.29462911391061e-05	0	-0.00738670485433398	2.02661857053818e-05	-0.105355950370544	0	-0.60265753916782	-0.0382123270964785	-0.000915524971004613	0	-0.00475820084214567	0	0	0	0	0	0	0	-0.0506396378905869	0	0
path:hsa04510	Focal adhesion	0	0.00307268883641179	-0.429851362665459	3.17671728520959e-07	-0.255400872459419	0	-1.38418444515649	-0.907137621810222	0	-0.514700566823404	0	-0.0747303369570695	0	0.135271761191201	-0.242955119580477	-0.684330144577607	0.111980846042497	-0.00229307762728568	-0.273846302397333	-0.20447491022817	-0.000374213292699782	-3.37789877376486	-0.152638515240408	0.333077729126984	0	0.204751059703847	-0.0323940159440636	0	0	0	0	0.71308000652064	0	-0.54493677024313	-1.61970079720318	-0.0242955119580477
path:hsa04512	ECM-receptor interaction	0	-0.0118642692046954	0.00097050671512347	-1.58002144616039e-11	0	0	-0.795125845899744	0	0	-0.435451064295725	0	0	0	-0.0274645138032216	-0.242955119580477	-0.292014790400965	0.111924636597191	-0.002556936295731	-0.30178809784558	-0.0492647944181899	-1.3591894801705e-05	-1.27535498687571	-0.0770140323972184	-0.00165672750683574	0	0.00784039082885612	0	0	0	0	0	0	0	-0.247345502165059	-1.61970079720318	0
path:hsa04514	Cell adhesion molecules	0	-0.00556640203679475	9.59746829833612e-05	-1.21718658237334e-10	-0.161970079720318	0	-0.035338926484433	0	0	-0.104539012316494	0	-0.485810767740112	0	-0.0138257305128181	0	-0.396784758482467	0	0.125570948363061	-0.176679002237502	-0.163697642292715	-4.41506267296274e-06	-1.67653760886215	-0.143490522255169	-0.00091651431385649	0	-0.00312112446926516	0	0	0	0	0	-0.000189173033637227	0	-0.343699583851209	0	0
path:hsa04520	Adherens junction	0	-0.00976383948457321	-0.0121304197536742	-1.19123230439607e-10	0	0	0	0	0	-0.0805275350880213	0	-0.0118370990800894	0	0.0922719756540402	0	-0.0867696706084093	0	0.125935047636997	0.0204472937756687	-0.180543202137462	-1.37527023850651e-05	-3.03453108176032	0.148904260674033	0.0748430670371541	0	-0.00942703648751345	0	0	0	0	0	0.0225115910028301	0	-0.307646511548839	0	0
path:hsa04530	Tight junction	0	-0.21793989057238	-0.0203246696324465	-1.19025421522808e-08	-0.210625123430769	0	-0.592101618053406	-0.789844212865384	0	-0.149008607167755	0	-0.174503478746295	0	-0.380726559899154	0	-0.136170350002442	0.11192248198442	0.0559246453961486	0.00355846616324379	-0.186854061815285	-0.186975605313931	-2.50050142994421	0.000812068401478612	0.073009176715863	0	-0.0153084399493419	0	0	0	0	0	0.595895055957267	0	-0.300936266138557	0	0
path:hsa04540	Gap junction	0	0.00685294842608101	-0.0142202276977762	3.27554880219698e-05	0	0	0	0	0	-0.0896384030268682	0	-0.0135345307454099	0	0.0206629539221726	0	-0.087738337055518	0.120664001352044	0.126283620803232	0.0102146400850079	-0.133676256224633	-0.000121617488689525	-2.00423758910567	-0.0612984236124821	0.148592666303312	0	-0.00410535921877352	0	0	0	0	0	0.0257397372865105	0	0.00801456261932563	0	0
path:hsa04550	Signaling pathways regulating pluripotency of stem cells	0	-0.00339857347211016	-0.349867737769852	-1.07244682103079e-10	0	-0.337437666083995	0	0	0	-0.282990245423545	0	-0.0260005459056558	0	0.0456754774724284	-0.242955119580477	-0.520373004679916	0	-0.00835643412039629	-0.15294621058408	-0.252712551507832	-0.0267965324895361	-3.57055263629711	-0.874838106654462	0.0758658947712222	0	-0.0170332267242194	-0.809850398601591	0	0	0	0	0.948397645894508	0	-0.321521018960286	0	-0.607387798951193
path:hsa04610	Complement and coagulation cascades	0	0.00358077462244735	-2.02123487242995e-09	-3.27551292429996e-12	0	0	0	0	0	0	0	0	0	0.00823578163162888	0	-0.0463261880555994	0	0	0.0102082167282795	-0.0502222809980082	0	-0.61664867576817	-0.0362805829643526	-0.00021515244769697	0	-0.0009433715661555	0	0	0	0	0	0	0	0.0105807332769501	0	0
path:hsa04611	Platelet activation	0	-0.383837960826606	-0.0911411209722256	-7.69255424892823e-08	-0.181724759121554	0	-0.54862136914907	-0.681467846705827	0	-0.106858941181885	0	0	0	0.0137309179965831	0	-0.690057641746173	-1.36120875179983e-05	-0.00240459963803924	-0.010474834748048	-0.174742668052344	0.00474964300281393	-1.91960271933592	-0.128550047582938	-0.00355411067078672	0	0.0296020136799106	0	0	0	-3.80566417780356	0	0	0	-0.341246337083264	-1.26855472593452	-0.170827818455023
path:hsa04612	Antigen processing and presentation	0	0.0177320668025813	-3.9843566123556e-10	-6.37582058319292e-11	0	0	0	0	0	0.0161970079720318	0	0	0	0.0407837536459369	0	-0.043384842782228	0	0	0.0203638984614402	-0.205805735832331	0	-0.979674522321219	-0.103623215246773	-0.00346902864497031	0	-0.00241773405257468	0	0	0	0	0	0	0	0.0274397284551415	0	0
path:hsa04613	Neutrophil extracellular trap formation	0	-0.010807129445662	-0.333185607817998	-1.47328424630807e-10	0	0	-0.0176694632422165	0	0	-0.130468198960668	0	-0.000967439786567347	0	-0.0199552251828363	0	-0.347699239794227	0	-0.00211272639532348	0.0134619962302195	-0.129560156465977	-0.0276652002964744	-2.57952372448527	-0.244031755568917	0.145062555786102	0	0.00107422205936608	0	0	0	0	0	0.00183986031102013	0	-0.0907445722631338	0	0
path:hsa04614	Renin-angiotensin system	0	-0.000106800764358854	-1.38762395737526e-07	3.92152344555646e-09	0	0	0	0	0	5.42862083758047e-05	0	0	0	-0.000245200533966843	0	-1.84722578503695e-11	0.00326096215649711	-4.1387335613858e-06	-3.6090713996352e-08	0.000283608231207672	0	-0.0978959197698219	0.00833646752836945	-0.000215591737670864	0	-0.00053882009280648	0	0	0	-1.16794603726406e-06	0	0	0	-0.0322336720551562	-3.89315345754686e-07	-2.59543563836457e-07
path:hsa04620	Toll-like receptor signaling pathway	0	-0.00886426108727789	0.000990093070829478	5.24967657020146e-09	0	0	-0.441736581055413	0	0	-0.129125403186283	0	-0.00100113171943288	0	0.0311607550008987	0	-0.180929786246289	0.244200155150763	0.116134944312001	0.0206712484539318	-0.205118725571229	-0.000236659681783939	-3.18042440382643	-0.755262379261446	0.142608393427409	0	-0.0163163433000219	0	0	0	0	0	0.00190393504821984	0	-0.313438049002317	0	0
path:hsa04621	NOD-like receptor signaling pathway	0	-0.0281125734931939	-0.000216815175494448	-1.08551633678295e-10	0	0	-0.441736581055413	0	0	-0.224662797089007	0	0	0	-0.0674860331531006	0	-0.182168359212351	0.298465697592509	0.453021242306794	-0.0095810927030784	-0.740032392542525	-0.000235496536448037	-3.1475122747651	-1.20490290303966	0.141538069298394	0	0.445423965151794	0	0	0	-1.88965093007038	0	0	0	-0.32351367138168	0	0
path:hsa04622	RIG-I-like receptor signaling pathway	0	-0.018098154150302	-3.2789534318117e-05	-9.71749867843461e-11	0	0	0	0	0	0.0749258330735203	0	0	0	0.00608179620828995	0	-0.173493424021296	0.223849273194382	-0.002556936295731	0.0203490113793442	-0.253739886399302	-6.7959474008525e-05	-2.44753912331349	-0.243181426819306	0.145253215622912	0	-0.0100503165651657	0	0	0	0	0	0	0	-0.312308987781394	0	0
path:hsa04623	Cytosolic DNA-sensing pathway	0	-0.0187284945085681	-0.000186217280307247	-1.48754635460325e-10	0	0	0	0	0	0.141569323006654	0	0.161970079720318	0	-0.0439590105318174	0	-0.173493298227433	0.111924636597191	0.0256273433721791	0.0203863942663653	-0.163085563913083	-6.7959474008525e-05	-2.43172050850251	-0.2788481024269	0.146029497128517	0	-0.0224927126529301	0	0	0	0	0	-0.249059811142956	0	-0.126444044896982	0	0
path:hsa04625	C-type lectin receptor signaling pathway	0	-0.459851861907471	-0.322472206240936	-6.90576879603664e-11	0	0	0	0	0	-0.315046828202494	0	-0.000336919328655295	0	-0.220347592996648	0	-0.51953712491548	0	-0.0719688544261255	0.0205099297555998	-1.00871300602471	-6.83509171504149e-05	-3.35111632392499	-0.179667725872338	0.143272687914655	0	-0.0147024636884675	0	0	0	-0.303693899475597	0	0.000640747371997061	0	-0.377288022382589	-0.101231299825199	-0.607387798951193
path:hsa04630	JAK-STAT signaling pathway	0	-0.330365216756241	-0.355626234488024	-1.48046850424857e-10	0	0	0	0	0	-0.298624300254191	0	-0.012533399025977	0	0.0573726764131607	0	-1.07741179648604	0	0.115405767829944	0.0204602000925682	-0.400077042950006	-0.339439479896128	-3.15091578074596	-0.151732659867063	-0.727750220308005	0	-1.39137472904839	0	0	0	0	0	0.0238358022382907	0	-0.28000518139955	0	0
path:hsa04650	Natural killer cell mediated cytotoxicity	0	-0.208171631065584	-0.0413871681780848	-5.84485879232705e-11	-0.0134975066433598	0	0	0	0	-0.194774107847324	0	-0.336970941054388	0	0.0184828423959366	0	-0.091718131394189	0	0.184910013934801	0.020435191968677	-0.276441179797807	-0.000206557816881955	-2.3557853075387	-0.108694569696844	-0.00764139682501914	0	-0.0453513634922086	-0.0323940159440636	0	0	0	0	0.0236816019212305	0	-0.0304861507591469	0	-0.0242955119580477
path:hsa04657	IL-17 signaling pathway	0	-0.529656241902246	-0.649363840931782	-1.01798867601085e-10	0	0	-0.441736581055413	0	0	-0.0191192448352335	0	0.000112902771287816	0	-0.69317580627852	0.0310193419637065	-0.178451642124865	0.111924636597191	-0.00813247794058885	-0.153023488419263	-0.438218467135021	-0.00193150097063304	-3.18427916471755	-1.30324124971976	0.0914200195119147	0	-0.0462704144809307	0	0	0	-0.303693899475597	0	0	0	-0.404068695809402	-0.101231299825199	-0.607387798951193
path:hsa04658	Th1 and Th2 cell differentiation	0	0.0572345606925362	0.0013053035407275	-7.54970313817607e-11	0	0	0	0	0	-0.137476764753179	0	3.36919328655295e-05	0	-0.542892269678781	0	-0.173596978061729	0.111924636597191	-0.00679681653143129	0.0205639436419942	-1.10160878567409	-0.257375660897448	-3.29626731456963	-0.207100686866615	-1.12138743999873	0	-0.0152254667315202	0	0	0	0	0	-6.4074737199706e-05	0	-0.357070107754732	0	0
path:hsa04659	Th17 cell differentiation	0	-0.00510916344045185	-0.335615710921319	-4.91224844645164e-11	0	0	0	0	0	-0.072688732865052	0	3.36919328655295e-05	0	-0.0188188612099259	0	-0.17359123267965	0.111924636597191	-0.00666975889451379	0.0203413724290791	-1.09583165416418	-0.0554625139834994	-3.58370270846627	-0.134694814888472	-0.00376987665678364	0	-0.0258982885014107	0	0	0	0	0	-6.4074737199706e-05	0	-0.324624943717697	0	0
path:hsa04660	T cell receptor signaling pathway	0	-0.216602664186754	0.000735250748956896	8.03110638783582e-08	0	0	0	0	0	0.0719391580662332	0	-0.0013717429809537	0	-0.0294615449791643	0	-0.518193244144531	0.111938857041481	-0.0116820496731272	0.0205381786628422	-1.01129908256842	-0.00176854005701363	-3.5571925133495	-0.0556696445515023	0.0985009546312439	0	-0.0155939824267176	0	0	0	0	0	0.00260875715741661	0	-0.295020883165912	0	0
path:hsa04662	B cell receptor signaling pathway	0	-0.00745135798345854	0.000960929796549581	-1.33295047612671e-10	0	0	0	0	0	-0.121848502343298	0	-0.00100113171943288	0	-0.0122369508197684	0	-0.172253378659761	0.111924636597191	-0.0095511002658662	0.0204082134181088	-0.927876525822956	-6.91226193444264e-05	-3.42045375410916	-0.151873597674044	0.144078133512511	0	-0.012058548860955	0	0	0	0	0	0.00190393504821984	0	-0.0871484345633801	0	0
path:hsa04664	Fc epsilon RI signaling pathway	0	-0.1273206885694	-0.0925420667803325	5.00981443664069e-07	0	0	0	0	0	-0.162172626566294	0	-0.00183762108712878	0	0.00335435336821688	0	-0.0842912940689668	0.132363178826597	-0.0070226462885372	0.0101944586452366	-0.0938066631759846	-7.5468567309383e-05	-1.47799296370912	-0.0101146765415532	-0.00250973489381781	0	-0.00777490851817892	0	0	0	-0.768725183047604	0	0.00349475610972979	0	-0.339429781340871	-0.256241727682534	-0.170827818455023
path:hsa04666	Fc gamma R-mediated phagocytosis	0	-0.127388641958392	-0.0918307217558875	4.95591642270549e-07	-0.00211265321374327	0	-0.00576178149202713	-0.0079224495515373	0	-0.161163970467382	0	-0.000836489367695905	0	-0.00258658513076207	0	-0.0855313495747449	8.76602730241075e-05	-0.00230131337805797	0.0101951897328728	-0.056585314091909	-7.43054219734815e-05	-1.78013926026023	-0.10921772109029	-0.00142798282432628	0	-0.0059929307295963	0	0	0	-0.768725183047604	0	0.00159082106150995	0	-0.13303596219406	-0.256241727682534	-0.170827818455023
path:hsa04668	TNF signaling pathway	0	-0.208566593263654	0.00178290768953156	5.24228722630531e-09	0	0	0	0	0	0.155484947494732	0	0	0	-0.480586637668514	0	-0.173493345557347	0.244200155150763	0.0150230141914638	0.0203875931989709	-0.219789454949015	-0.00252701938879068	-3.22971388904454	-0.142808118702713	0.143646793848593	0	-0.201799239140041	0	0	0	0	0	-0.217927334750086	0	-0.301160622677353	0	0
path:hsa04670	Leukocyte transendothelial migration	0	0.00367562060685441	0.000650465584599964	-6.9569930917751e-08	-0.401526053076662	0	-0.688673399274465	-0.898334900086292	0	-0.203055375524311	0	0.000596828525046524	0	0.00261038348066069	0	-0.0504393985919241	-1.22933400936248e-05	0.125555793162388	-0.176940972298884	-0.244292777348528	0.000487974764921496	-2.18783277643745	-0.264002850191491	0.0776402473811787	0	-0.0049250072236551	0	0	0	0	0	-0.00113503820182337	0	-0.0269014867079021	0	0
path:hsa04672	Intestinal immune network for IgA production	0	0.000463417460051852	-0.000191122514453103	1.06397725740075e-08	-0.179019561796141	0	-0.0176694632422165	0	0	-0.00802985632689461	0	0	0	0.000182386996008434	0	-0.000308716758419349	0.00589265388689995	0.138784817661079	-0.0154985272334758	-0.0543331535689103	-6.7959474008525e-05	-0.793714565350039	0.0186596086546082	-0.00206231824889251	0	-0.0028718296938264	0	0	0	0	0	0	0	0.0404482528238116	0	0
path:hsa04713	Circadian entrainment	0	0.000213777967162192	7.04932562985389e-06	0.000313735787335985	0	0	0	0	0	-0.0727985547480978	0	0	0	0.00158071666712381	0	-0.0440971998705604	0.00528500941775096	-6.70760493368682e-06	-1.06155871803735e-06	-0.116674384537681	-0.201208802654374	-1.36649716320454	-0.124128795145502	-0.00186679329611571	0	-0.00345458125944869	0	0	0	-0.00288271943642851	0	0	0	-0.115327727625751	-0.000960906478809504	-0.000640604319206337
path:hsa04714	Thermogenesis	0	-0.000217676385501796	-0.324563155978064	-4.98702330277366e-07	0	0	0	0	0	-0.170069829818767	0	-0.162539779676044	0	-0.000500655686654131	-0.242955119580477	-2.09753080745408e-06	0.233927449391785	0.0315259904302342	0.0203944493796338	-0.187729413075863	-0.0418063297149537	-1.96182482696298	-0.139620090592763	-0.00219260858611639	0	-0.00707399501460361	0	0	0	0	0	0.00108344555628594	0	-0.0397146862253445	0	0
path:hsa04720	Long-term potentiation	0	-0.00779721634129296	-0.000651763035104665	0.000223252886224989	0	0	0	0	0	-0.0822247976837851	0	-0.00100113171943288	0	-0.0116044382093514	0	0.001240033908061	0.00727201605470881	-0.00956032973111606	0.01021169737509	-0.0868119510759234	-0.207135437366294	-1.16665968444321	0.0528028638660087	-0.00288999694466867	0	-0.00700733049978854	0	0	0	-0.00144135971821425	0	0.00190393504821984	0	-0.0234245830682759	-0.000480453239404752	-0.000320302159603168
path:hsa04721	Synaptic vesicle cycle	0	0	-6.64973123029105e-10	-1.25877393312352e-13	0	0	0	0	0	0	0	0	0	0	0	0	0	0	0	-5.43962165473189e-05	0	-0.315667883735631	0.0106536663297954	-0.000205771449330067	0	-0.00051525977492257	0	0	0	0	0	0	0	-0.0240600999153671	0	0
path:hsa04722	Neurotrophin signaling pathway	0	0.00247812408353224	-0.0742585001874116	-1.00385537333936e-10	-0.0134975066433598	0	0	0	0	-0.186133121912296	0	-0.215128882809546	0	0.0183291445952513	0	-0.176091522251877	0.223849273194382	-0.0147736565645643	0.0205148921104514	-0.201151007845933	-0.187022100910576	-3.54636331457251	-0.0815557250172128	0.155154864877802	0	-0.950929162899238	-0.0323940159440636	0	0	0	0	0.0856949001620634	0	-0.315640682623332	0	-0.0242955119580477
path:hsa04723	Retrograde endocannabinoid signaling	0	-0.00397782147270619	-9.97064478584146e-06	0.000100588043604524	0	0	0	0	0	-0.0889343443315418	0	0	0	-0.00914898938722423	0	-1.08290334311721e-08	0.00896238631398559	-0.0024262591212186	0.0103421092251725	-0.12083775718331	-0.00491811982956431	-0.494537685059862	-0.0662470957878448	-0.00210651803795039	0	-0.00513577108928077	0	0	0	0	0	0	0	-0.242462725432892	0	0
path:hsa04724	Glutamatergic synapse	0	-0.0152307064966362	-0.0101308438625493	0.000458422510962162	0	0	0	0	0	-0.0966978574803194	0	0	0	-0.00276314812298119	0	-1.18932080587645e-10	0.0290852218497787	-2.66468884010127e-05	0.010218052886404	-0.0141672063676776	-0.0108155426645552	-0.294246439036072	-0.0869775075584195	-0.000936276669254555	0	-0.00155893289705135	0	0	0	-0.0854139092275113	0	0	0	-0.0403814548517	-0.0284713030758372	-0.0189808687172248
path:hsa04725	Cholinergic synapse	0	-0.000282009588675602	-8.17667474794144e-06	1.68204038750621e-05	0	0	0	0	0	-0.0485415011148541	0	0	0	-0.000648622053953887	0	-0.0867467386561529	0.00297482520078721	-0.00724842841342694	0.0101960117655621	-0.150901719174608	-0.18197043369388	-2.24448384024075	0.00678018994888146	-0.00427551305363184	0	-0.00987311261450211	0	0	0	0	0	0	0	-0.0689791963284631	0	0
path:hsa04726	Serotonergic synapse	0	-0.471160116354835	-0.33405437596538	6.36954910359874e-05	0	0	0	0	0	-0.081399131831683	0	0	0	-0.0166634778945083	0	-0.0433848422443473	0.00374178538519255	0.000120512871958395	0.0102050850050164	-0.135205698585759	-0.011360773598818	-1.29611590917937	-0.0251341564159324	-0.00231963694782883	0	-0.011457119095574	0	0	0	-2.82442444338074	0	0	0	-0.296468039784065	-0.941474814460245	-0.62764987630683
path:hsa04727	GABAergic synapse	0	-0.00103891462207932	-0.00317640917055193	6.0579775233196e-05	0	0	0	0	0	-0.0971289016999298	0	0	0	-0.000211448945480888	0	-2.89805272252232e-10	0.00319247800228156	-6.49312507573549e-05	4.87738534765578e-06	0.00599042017077097	-0.00662759788435805	-0.293716797618481	-0.0473816168325576	-0.000214453524177554	0	-0.000539457138104102	0	0	0	-0.815615837474447	0	0	0	-0.0224941909491863	-0.00192181295761901	-0.00128120863841267
path:hsa04728	Dopaminergic synapse	0	0.00642716940117706	-0.0076296470595389	0.000166063265727119	0	0	-0.441736581055413	0	0	-0.26792043738358	0	-0.161970079720318	0	0.0149880438032472	0	-0.130131580481031	0.00398994422628417	-0.00703393300037457	0.0112389836831996	-0.229699699966729	-0.203067732512105	-1.67334467149292	-0.0385399024207106	-0.00527868176798751	0	-0.00902948149175523	0	0	0	-0.00288271943642851	0	0	0	-0.252731906682058	-0.000960906478809504	-0.000640604319206337
path:hsa04730	Long-term depression	0	-0.134609430952337	-0.10035470910986	5.11251732852244e-05	0	0	0	0	0	-0.0822933220608304	0	-0.00100113171943288	0	-0.0134097541125383	0	0.00124006688940469	0.00315576982886816	-0.00217081648817889	0.0102121053210344	-0.161944430142762	-0.00755599271010449	-1.17408643715449	0.046615360636274	0.0724639126040488	0	-0.00552310885254082	0	0	0	-0.768725183047604	0	0.00190393504821984	0	-0.0874821228820821	-0.256241727682534	-0.170827818455023
path:hsa04740	Olfactory transduction	0	-0.00358199488878462	3.27171866807298e-06	-1.67125313278504e-07	0	0	0	0	0	0.00285780343058088	0	0	0	-0.00823858824420463	0	1.67447416083565e-13	-2.95599861952343e-05	3.7516812851252e-08	2.21383595854451e-05	-0.0110119808378596	-0.184429493608662	0.000477425815778357	-0.00161604853524107	-0.000193305855934285	0	-0.000489676375787234	0	0	0	0	0	0	0	0.00569698377429135	0	0
path:hsa04742	Taste transduction	0	-0.000136583962279259	1.16360675687917e-07	0.00142993181969012	0	0	0	0	0	9.80654086788729e-05	0	0	0	-0.000314143113242296	0	-3.33692399877642e-11	0.00589077034722059	-7.4764219173421e-06	4.90471541077999e-06	-5.34423397224959e-05	-0.00245905991478215	-0.00138145961851893	-0.0194820608739052	-0.00019838149790285	0	-0.000503256321668468	0	0	0	0	0	0	0	-0.0108043209963435	0	0
path:hsa04744	Phototransduction	0	0	1.30641586376206e-06	9.56663357849045e-14	0	0	0	0	0	0	0	0	0	0	0	0	0	0	0	7.23527729697085e-09	0	-0.0967852815196497	-0.000109999111108359	6.07463337409311e-07	0	1.72344170609842e-06	0	0	0	0	0	0	0	6.74486418176247e-05	0	0
path:hsa04750	Inflammatory mediator regulation of TRP channels	0	-0.129540697617708	-0.106246335241992	1.15824698660523e-07	0	0	0	0	0	-0.0969818977446319	0	-0.012533399025977	0	-0.00242557537215353	-0.242955119580477	-0.0434111132999335	0.122102995963765	-0.00190585572615329	0.0102183115608493	-0.242043060729243	-0.184529514348874	-1.28377690768287	-0.0148508468559929	-7.49341523404629e-06	0	-0.0128304113883622	0	0	0	-0.782253606569758	0	0.0238358022382907	0	-0.328497494822973	-0.260751202189919	-0.173834134793279
path:hsa04810	Regulation of actin cytoskeleton	0	0.0128071277157604	-0.364246233714165	3.03559564025014e-06	-0.43128534962682	0	-1.01720760252956	-1.00993226214938	0	-0.311509279974966	0	-0.530228829796883	0	0.0828307937829159	0	-0.321695345318894	0.12424003288002	0.124723891210806	-0.100489607070028	-0.135848484762885	-0.000298212294928373	-2.75175688751085	-0.161352572283853	0.234168660404342	0	0.00302538244072683	-0.809850398601591	0	0	0	0	0.0732831922886924	0	-0.253517781936719	-1.61970079720318	-0.607387798951193
path:hsa04910	Insulin signaling pathway	0	-0.0137950968717444	-0.382480141970931	2.06907414802928e-05	-0.0134975066433598	0	0	0	0	-0.0792449055333994	0	-0.0290983465933619	0	-0.0190992636018852	0	-0.439847889972598	0	0.0958640790777462	0.0104059930519878	-0.17568356850309	-0.0471702797961204	-2.47664347799291	-0.747646258609082	0.0780612963273074	0	-0.0119244535379073	-0.0323940159440636	0	0	0	0	0.0531385061047682	0	-0.240525882007118	0	-0.0242955119580477
path:hsa04911	Insulin secretion	0	-0.000954096751136373	2.37093409718955e-05	4.32192842020916e-05	0	0	0	0	0	-0.089081531819868	0	0	0	-1.6367842312114e-05	0	-3.13759006732346e-08	0.000120862035516544	-0.00702981163358036	1.58912035700537e-05	-0.0309634868250918	-0.196115124300074	-0.485257908745493	-0.093102947609588	-0.00197402168756942	0	-0.00493317522265021	0	0	0	-0.00576543887285702	0	0	0	-0.0570179647124295	-0.00192181295761901	-0.00128120863841267
path:hsa04912	GnRH signaling pathway	0	-0.0217962508927522	-0.00913765685198101	-4.62235331677074e-08	0	0	0	0	0	-0.500759127674352	0	-0.00100113171943288	0	-0.0129627276918618	0	-0.477785618885342	0.132266388060619	-0.00954082251575039	0.0138537921337682	-0.204379305545071	-0.182112889876362	-2.6496724308251	-0.0712206615631554	-0.00704833224332935	0	-0.0150985576705433	0	0	0	-0.0854139092275113	0	0.00190393504821984	0	-0.309082169533172	-0.0284713030758372	-0.0189808687172248
path:hsa04913	Ovarian steroidogenesis	0	-0.0103364538438762	-0.0177551671488446	7.0642948857726e-07	0	0	0	0	0	-0.105047711142042	0	-0.012533399025977	0	0.00849363297836686	0	0.0385147428284347	-9.13049295369465e-06	-0.0718255345648377	0.0102196202412225	-0.0782438473890038	0.00455369716434759	-0.592924971634133	0.00105385653191341	0.0762290719399922	0	-0.00296635963403264	0	0	0	-0.0854139092275113	0	0.0238358022382907	0	0.00558523533910448	-0.0284713030758372	-0.0189808687172248
path:hsa04914	Progesterone-mediated oocyte maturation	0	-0.232354081485358	5.1054075142572e-05	-5.43059669277589e-07	0	0	0	0	0	-0.0652660257802526	0	0.0849614739408974	0	-0.000786939286506727	0.090890469241704	-0.109265228375458	-9.67907659778103e-05	-0.00241555061269325	0.0103343248405873	-0.132494878130771	0.00636307270883281	-1.78256601464364	0.0227908000494738	-0.0253062191183924	0	-0.2579362535847	0	0	0	0	0	0	0	-0.510586381800757	0	0
path:hsa04915	Estrogen signaling pathway	0	0.00691755766472278	-0.0395787113515909	1.69707868773007e-05	-0.0134975066433598	0	0	0	0	-0.354215089201642	0	-0.0130644735466174	0	0.0285398418319895	0	-0.484629754533399	0.0029937805565992	-0.0112159071028978	0.0239684413966422	-0.213730162002499	-8.76230173587605e-05	-3.45391434196301	-0.127800115425818	0.0697549882431075	0	-0.0153414635588567	-0.0323940159440636	0	0	0	0	0.0237456766584302	0	-0.458860235451665	0	-0.0242955119580477
path:hsa04916	Melanogenesis	0	0.000532637548426998	-0.000717601163594438	-5.47097271196178e-07	0	-0.337437666083995	0	0	0	-0.0737461736673063	0	-0.00100113171943288	0	0.00612623890356833	0	-0.0854836605697586	0.0166919047236009	-0.00226370897855555	-0.163171407044762	-0.183628933639035	-0.184498616228006	-2.44716044423042	0.210731737000472	-0.00390256432091417	0	-0.00764672467779421	0	0	0	0	0	0.573963188767196	0	-0.0592514391555728	0	0
path:hsa04917	Prolactin signaling pathway	0	-5.97110677914153e-05	-0.0566533265829602	2.88324817566912e-09	-0.0134975066433598	0	0	0	0	-0.238523808091528	0	-0.0130644735466174	0	0.0116086505850961	0	-0.525440337021484	0	0.119446322584893	0.0205892212489075	-0.215258623656362	-0.000439473749487764	-3.42516086642078	-0.150036062654863	0.143482858566633	0	-0.0164728831870609	-0.0323940159440636	0	0	0	0	0.0237456766584302	0	-0.821007932716446	0	-0.0242955119580477
path:hsa04918	Thyroid hormone synthesis	0	0.00369566574406466	-1.00011710926827e-05	-5.45410831748298e-07	0	0	0	0	0	-0.0890851551508877	0	0	0	0.00850003121134871	0	-3.18879184342911e-08	-9.67907659778103e-05	-0.00714452988344865	2.11297692439844e-05	-0.0246925537244315	0.00232079620618218	-0.578854376115896	-0.0862157107745167	-0.00267608556746139	0	-0.00547447784957361	0	0	0	0	0	0	0	-0.081986842331814	0	0
path:hsa04919	Thyroid hormone signaling pathway	0	0.106532873889336	-0.323972583844335	-2.53435130247959e-11	-0.00704217737914426	0	-0.0415252602969253	-0.026408165171791	0	-0.262082908602602	0	-0.00100113171943288	0	-0.721893695834249	-0.242955119580477	-0.172672260982679	0	0.188636456764276	0.015401342615384	-0.279557023555919	-0.142835532065051	-3.83088718019364	-0.075984828978543	-0.8307579778894	0	-0.0282135768262786	0	0	0	0	0	-0.188782482858106	0	-0.320940619491814	-1.02296892454938	0
path:hsa04920	Adipocytokine signaling pathway	0	-0.0108946809137083	-0.32120243305809	2.06906616178677e-05	0	0	0	0	0	-0.137759496223143	0	-0.000404303194386354	0	-0.02594123926364	0	-0.172250386596712	0.111924636597191	0.135464005009744	0.0203919091933209	-0.272352123807774	-0.00034344715940935	-2.75471224049583	-0.290962651523386	0.148006194590171	0	-0.00978691989212126	0	0	0	0	0	0.000768896846396474	0	-0.314929204003345	0	0
path:hsa04921	Oxytocin signaling pathway	0	-0.390911031556434	-0.411216144254991	4.45061641488596e-05	-0.157397237266328	0	-0.429265192544532	-0.590239639748731	0	-0.0337594425179045	0	-0.00100113171943288	0	-0.054959834922697	0	-0.128868524028918	0.000348882124899663	-0.00689640243512641	0.0262295079675712	-1.00073524980893	-0.233041499411266	-3.06649762640977	-0.124685288260784	-0.898184958845267	0	-2.44184725350265	0	0	0	-1.07818452139606	0	0.00190393504821984	0	-0.232457370651724	-0.359394840465352	-0.779496826044628
path:hsa04922	Glucagon signaling pathway	0	0.00693949759625346	0.000848426406244313	2.04171552937808e-05	0	0	0	0	0	0.0242947063056913	0	0	0	0.0159608444713829	0	-0.0867696838770718	-4.83953829889051e-05	0.000378060663973937	0.0102171673582388	-0.0163490976348606	-0.187255164734359	-1.17992646290637	-0.131665754310914	0.0722508960495714	0	-0.00543401612659583	0	0	0	0	0	0	0	-0.0424744922666389	0	0
path:hsa04923	Regulation of lipolysis in adipocytes	0	-0.1085598114982	-0.081707452977143	-4.40051940176772e-07	0	0	0	0	0	-0.0812395998300775	0	-0.0129377022203633	0	0.0149057434722531	0	-0.0469895837817529	-9.67907659778103e-05	-0.0811742409575189	0.010203246781102	0.0413553066351652	0.00472122417920292	-0.687430401453439	-0.0664891752124167	0.076689824960242	0	-0.00194667406969277	0	0	0	-0.700394055665593	0	0.0246046990846872	0	-0.0632836577145929	-0.233464685221865	-0.155643123481243
path:hsa04924	Renin secretion	0	-7.18252203030726e-05	0.000103930091487763	1.09092748710057e-07	0	0	0	0	0	0.00815103902637957	0	0	0	-0.000528189013223492	0	1.28133909024445e-08	0.00315576982886817	0.00287085701123653	-0.147545138961211	-0.0162913581985932	0.00241782819253564	-0.87876368501871	-0.115464037199794	-0.00154000076023042	0	-0.00302158780614797	0	0	0	0.000960858546687592	0	0	0	-0.0738828510046765	0.000320286182229198	0.000213524121486131
path:hsa04925	Aldosterone synthesis and secretion	0	-0.000153831651406798	-6.61767634334818e-06	-5.39566131925917e-07	0	0	0	0	0	-0.0800377846843082	0	-0.161970079720318	0	-0.000353795897724502	0	-2.06130878469968e-08	0.00284859440763247	-0.00461838932561527	0.010363464677357	-0.153891015245896	-0.187063101147621	-0.886391316192768	-0.0914868420340986	-0.00248969430313306	0	-0.00543211199795458	0	0	0	-4.47366471181856e-08	0	0	0	-0.0728008001593206	-1.49122157060618e-08	-9.94147713737456e-09
path:hsa04926	Relaxin signaling pathway	0	-0.0105135639712346	-0.363554645468598	1.83945535796335e-05	-0.0134975066433598	0	0	0	0	-0.445286055279305	0	-0.0130644735466174	0	-0.0116866177477909	-0.0607387798951192	-0.200826691615906	0.0144421563691046	-0.00878426243264142	-0.167702743968727	-0.253753919900536	0.00195443600225243	-3.36007213633439	-0.0854376993443096	0.145284094554092	0	-0.015774814434574	-0.0323940159440636	0	0	-0.000110686275910332	0	0.0237456766584302	0	-0.320757397939297	-3.6895425303444e-05	-0.02432010890825
path:hsa04927	Cortisol synthesis and secretion	0	0.0108316989225098	-8.87386365648819e-06	6.67443642547142e-05	0	0	0	0	0	-0.185982942924015	0	0	0	0.0249129244222836	0	-0.0433848746938477	0.00346544590780744	-0.00714984016514161	0.0102595740443161	-0.123922644325402	-0.000380035315718547	-1.5809495428629	-0.250380221477229	0.0720511289768395	0	-0.00596638232565168	0	0	0	-4.47366471181856e-08	0	0	0	-0.131961033628905	-1.49122157060618e-08	-9.94147713737456e-09
path:hsa04928	Parathyroid hormone synthesis, secretion and action	0	0.00793827244139604	-0.322977466756042	-5.47159920123523e-07	0	0	0	0	0	-0.742278463166776	0	0	0	0.0182580266152109	0	-0.437111515136096	-9.67907659778103e-05	-0.00725952437293918	-0.344086147302054	-0.878305496554889	0.00232244547507204	-2.80151028290814	-0.208315177973527	-0.892833189758677	0	-2.4399469411282	0	0	0	0	0	0	0	-0.175987668015267	0	0
path:hsa04935	Growth hormone synthesis, secretion and action	0	-0.00453986760089045	-0.388665048685669	4.32263544818941e-05	-0.0134975066433598	0	0	0	0	-0.157927096652708	0	-0.0134687767410038	0	0.0034823452442698	0	-0.480836127721	0.132396380589089	0.102502987016818	0.0102596243643649	-0.210545055147955	-0.00952897008326456	-2.74209255975751	-0.119436236232967	0.0686905929948447	0	-0.0155903606748124	-0.0323940159440636	0	0	-0.00576543887285702	0	0.0245145735048267	0	-0.252100093661436	-0.00192181295761901	-0.0255767205964603
path:hsa04960	Aldosterone-regulated sodium reabsorption	0	0.0037358738344648	-0.0175776224218519	3.24729999799671e-09	0	0	0	0	0	8.03423014485729e-06	0	-0.012533399025977	0	0.00859250981926904	-0.242955119580477	-0.00484713252168143	0	-0.0744798975985832	0.0102088347327296	-0.0838495211895912	-0.000151176124588424	-0.887218061394879	0.07307225762933	0.075832511204148	0	-0.00396620684054759	0	0	0	0	0	0.0238358022382907	0	0.0684355173854861	0	0
path:hsa04961	Endocrine and other factor-regulated calcium reabsorption	0	-0.00718924897292198	-2.56116829323758e-09	4.68725844263724e-08	0	0	0	0	0	-0.0485910239160954	0	0	0	-0.0165352726377205	-0.485910239160954	-0.0433388842623316	0	0	-0.229763466143384	-0.0686860355487299	0	-0.588640581156133	0.0443805469511315	-0.00166896479817556	0	-0.00887274447286985	0	0	0	0	0	0	0	0.0459236429705851	0	0
path:hsa04962	Vasopressin-regulated water reabsorption	0	-9.34150029921372e-05	1.4115565461931e-06	-2.70067589724987e-07	0	0	0	0	0	-0.0890353167941917	0	0	0	-0.000214854506881916	0	-1.64104763668065e-11	0.00289698979062138	-3.67678872002494e-06	4.5236897962227e-06	0.00618353713720526	0.00245905991478215	-0.586997559466531	-0.15100667832035	-0.000792306001990886	0	-0.00196118714465919	0	0	0	0	0	0	0	-0.0695768654152695	0	0
path:hsa04964	Proximal tubule bicarbonate reclamation	0	0	7.56574812762405e-08	0.000253462306678215	0	0	0	0	0	0	0	0	0	0	0	0	0	0	0	-0.017654775822328	-6.43214867045635e-05	-0.20151203572697	0.00748271383843898	-0.000195706726279199	0	-0.000490583930824207	0	0	0	0	0	0	0	-0.00020180280815739	0	0
path:hsa04966	Collecting duct acid secretion	0	0	0	0	0	0	0	0	0	0	0	0	0	0	0	0	0	0	0	0	0	0	-0.00108605008282257	0	0	5.73103602395169e-12	0	0	0	0	0	0	0	-0.000465448218287715	0	0
path:hsa04970	Salivary secretion	0	-0.00715715566561348	0.00010381069800295	-5.4359580779268e-07	0	0	0	0	0	-0.0809866511648717	0	0	0	-0.0168244671451279	0	1.0270496697349e-09	-9.67907659778103e-05	0.000230111823458387	-5.90584903780544e-07	-0.0310495834300777	0.00491482129178459	-0.193969398074696	-0.0716274425914756	-0.00128563192857576	0	-0.00201168630466769	0	0	0	0.000960906478809504	0	0	0	-0.082831973975748	0.000320302159603168	0.000213534773068779
path:hsa04971	Gastric acid secretion	0	-0.000151636775878381	-0.00142884520132491	-5.66986034365468e-07	-0.00234739245971475	0	-0.0064019794355857	-0.00880272172393033	0	-0.0973117618541412	0	0	0	-0.000348764584520277	0	5.69768334566637e-13	-0.000100582884455298	1.27657341489452e-07	0.0259956148916035	-0.0304837286520453	-0.18197043369388	-0.294395753048354	-0.0709098717753171	-0.000932518662147637	0	-0.00146990486378837	0	0	0	0	0	0	0	-0.0356868152098984	0	0
path:hsa04972	Pancreatic secretion	0	-5.40568199066547e-06	0.000102444521976026	-5.47175405777701e-07	0	0	0	0	0	-0.0971836591369034	0	0	0	-0.000375442182795454	0	5.48287254151234e-13	-9.67907659778103e-05	1.22844477292221e-07	0.0102183758584658	-0.0303525164928096	0.00491811982956431	-0.0944602363134083	-0.0648055545406347	0.0740325721550961	0	-0.00101930101583726	0	0	0	0.000960906478809504	0	0	0	-0.006351300642664	0.000320302159603168	0.000213534773068779
path:hsa04973	Carbohydrate digestion and absorption	0	0.00710182173683417	-1.28406594884962e-09	-1.2114590447135e-11	0	0	0	0	0	0.0161970079720318	0	0	0	0.0163341899947186	0	-0.0867467063045078	0	0	-1.07336375340503e-05	0.0544746615006445	0	-0.585032761130415	0.00106756323106703	-0.000405090838962621	0	-0.00097799090867676	0	0	0	0	0	0	0	0.00180573118859057	0	0
path:hsa04974	Protein digestion and absorption	0	0	0	0	0	0	0	0	0	0	0	0	0	0	0	0	0	0	0	0	0	0	0	0	0	0	0	0	0	0	0	0	0	0	0	0
path:hsa04975	Fat digestion and absorption	0	0	7.76749670031359e-13	-2.68646031116121e-11	0	0	0	0	0	0	0	0	0	0	0	0	0	0	0	-0.0544348694830496	0	-0.00283122883060711	-0.0263291552914642	-1.2883660470385e-05	0	-3.22978185394499e-05	0	0	0	0	0	0	0	-0.0064326801899858	0	0
path:hsa04976	Bile secretion	0	0.0108053388342354	8.64512110069442e-09	-5.47182193586072e-07	0	0	0	0	0	-0.0971836591369034	0	0	0	0.0239688061566305	0	-0.0433848427816797	-9.67907659778103e-05	1.22844477292221e-07	0.0203698016791339	-0.0474656636052153	0.00485016035555578	-0.491194749608687	-0.0568494183524356	0.0735700816623144	0	1.48751976753044e-05	0	0	0	0	-4.85910239160955	0	0	-0.285059246449994	0	0
path:hsa04977	Vitamin digestion and absorption	0	0	4.96761609035162e-18	-1.62981199418e-14	0	0	0	0	0	0	0	0	0	0	0	0	0	0	0	7.29751622621633e-07	0	-0.0992470302744593	4.7869557636082e-05	-1.64768255367466e-08	0	-2.39940858809736e-07	0	0	0	0	0	0	0	-0.0321093004042612	0	0
path:hsa04978	Mineral absorption	0	0.00715247108192705	3.53072266759924e-10	3.44164866105267e-11	0	0	0	0	0	0	0	0	0	0.0164506834884322	-0.242955119580477	1.07782645160478e-08	0	0.0024148842793015	-0.275647197685927	-0.0541382597732286	-3.46346466870726e-05	-0.101034878975611	0.0140316269797425	0.00037311601552007	0	-8.16822157831568e-06	0	0	0	0	0	0	0	0.0290220071130015	0	0
path:hsa04979	Cholesterol metabolism	0	5.61129382250115e-05	1.16475917486659e-07	-4.06369386184865e-11	0	0	0	0	0	0.000224958444055997	0	0	0	0.000129059757917526	0	-0.0433848427857504	0	-7.89177869052777e-07	-0.173538905199705	-0.0900989653674959	-0.00751379418405658	-0.306528120398104	0.0144507792008603	-0.000598435471914546	0	-0.00149609913115238	0	0	0	0	0	0	0	-0.0180429932349004	0	0
